,Alistipes,Anaerostipes,Bacteroides,Blautia,Coprococcus,Eubacterium,Faecalibacterium,Faecalitalea,Odoribacter,Parabacteroides,Roseburia,Ruminococcus,community,medium,Bifidobacterium,Haemophilus,Lachnoclostridium,Clostridium,Adlercreutzia,Collinsella,Gordonibacter,Shigella,Streptococcus,Akkermansia,Barnesiella,Flavonifractor,Dialister,Methanobrevibacter,Prevotella,Veillonella,Cloacibacillus,Desulfovibrio,Lactobacillus,Megasphaera,Escherichia,Acidaminococcus,Brachyspira,Butyrivibrio,Methanosphaera,Methanomassiliicoccus,Oxalobacter,Sutterella,Raoultella,Olsenella,Clostridioides,Citrobacter,Enterococcus,Porphyromonas,Propionibacterium,Megamonas,Corynebacterium,Klebsiella,Enterobacter,Hafnia,Lactococcus,Eggerthella,Comamonas,Pseudomonas,Pediococcus,Actinomyces,Leuconostoc,Erysipelatoclostridium,Finegoldia,Rothia
ERR321172,0.006181065341004561,0.0029505417100035318,0.31236530131641543,0.007968994739789551,0.0019357579484877564,0.007979846752677093,0.003823767004659944,0.006196084969866086,0.0057689300106242855,0.01906553957062143,0.017609199452039925,0.01431452836334677,0.2462864012857203,,,,,,,,,,,,,,,,,,,,,,,,,,,,,,,,,,,,,,,,,,,,,,,,,,,
ERR321150,0.005568583577204514,0.0015496928017112107,0.35344241919752795,0.007484830915500317,0.008673656454273697,0.22460510257898098,0.013779368606155853,,0.01279693639008648,0.09683901317076428,0.016024744496461667,0.004576794863891135,0.24628640128185306,,0.005058562744219089,0.001623994397120167,0.0014616316518593917,,,,,,,,,,,,,,,,,,,,,,,,,,,,,,,,,,,,,,,,,,,,,,,
ERR321376,0.004329819312741694,0.002509846989253578,0.3251634800906514,0.003221332808677708,0.000657604271129271,0.04973819238726758,0.0006597091838201611,,0.0044203337825238056,0.05128493732909366,0.004184855828657487,0.0036468209810370067,0.2462864012857057,,,,,0.0005623233775718466,,,,,,,,,,,,,,,,,,,,,,,,,,,,,,,,,,,,,,,,,,,,,,
ERR321247,1.2618274263811114e-09,4.882389646214073e-11,0.7545523151142105,5.2684646164166884e-11,5.282537501194418e-11,8.071147541119081e-11,5.69679234764297e-11,4.428723928607541e-11,3.481203444062154e-11,,9.67395098110532e-11,6.028032547684117e-11,0.24628640128593232,,3.963328867529625e-11,1.2471866722664608e-09,1.9504029489894474e-11,3.146754826666709e-11,6.512571067779495e-10,1.7803178700940216e-11,7.320677496426836e-11,7.432870532746284e-10,6.258314902578721e-11,,,,,,,,,,,,,,,,,,,,,,,,,,,,,,,,,,,,,,,,,
ERR321358,0.0033670085869792394,0.00318559755518574,0.2884273085517083,0.002861684688342253,0.0003885967396410932,0.025423070939362722,0.0022797815400378806,,,,0.010517378947030276,0.000687602370716164,0.2462864012880234,,0.0005337004475481209,,0.0005617051375974558,0.00045736913060320946,,,,,,0.0069097855079291335,,,,,,,,,,,,,,,,,,,,,,,,,,,,,,,,,,,,,,,,
ERR321148,0.004879822789640836,0.007816817240303156,0.3766590818940748,0.013497367313049262,0.006010339458438198,0.0483501213988424,0.012550029961098285,0.006313195603245606,0.023506050414246943,0.002509906726907347,0.017308890859815712,0.01590765884988984,0.24628640181504205,,,,0.007366397455635454,,,0.0009762956152186206,,,0.004173414895489988,0.03658529761882757,0.022838271793420413,0.0050260620823936895,,,,,,,,,,,,,,,,,,,,,,,,,,,,,,,,,,,,,,
ERR321108,8.513413058649834e-09,1.4400039628619918e-10,0.32948635625875067,9.128398854083888e-11,3.039910390265535e-10,1.6474704554043316e-11,1.0087376922752163e-10,3.682677720213603e-10,2.7745074410054955e-09,5.3482323220714085e-11,2.8917663810020557e-11,1.611462643760488e-10,0.24628572813655125,,,,2.9693941367665375e-10,,,6.825819184817355e-10,,,,,9.28499190498159e-08,1.643371212401917e-10,,,,,,,,,,,,,,,,,,,,,,,,,,,,,,,,,,,,,,
ERR321251,,0.0006963452641550505,0.24351628369847536,0.0011898856446515577,,0.0004099867536985863,,,0.0006653169352011739,0.0008398289660898641,0.0005762391915804984,0.0009168232182058879,0.23140048980505928,,0.0006183188108052703,,0.0022203204443380074,,,,,,0.0004017289387435859,0.007662042448055989,,0.004235713762623082,,,,,,,,,,,,,,,,,,,,,,,,,,,,,,,,,,,,,,
ERR321204,0.018171290681112277,0.06208829244358241,0.5016419970610306,0.06938148177607605,0.15217632638653414,0.2506532008117945,0.09733104078097783,0.006636032684609874,0.03980517354522519,0.050870413782585194,0.07961243802736925,0.02274312510644633,0.2462864012843842,,0.002588580389274991,,0.007820105534672646,0.009156214474830194,,,,,0.0030099042566979722,,0.010750268573163956,,0.14870537045488064,0.04947575859777984,0.014004052624889952,0.004009372289935404,,,,,,,,,,,,,,,,,,,,,,,,,,,,,,,,,,
ERR321316,0.017124593023709705,0.09366016074510353,0.414432987666477,0.05908038410019367,0.025552346849419837,0.2794751417824718,0.019400286448649693,0.012872162410855419,0.012877657051264122,0.010578899166072311,0.02363338374506682,0.13216243328535532,0.24628640128317492,,0.008476958010199865,,0.02791260996215379,0.004107011591181089,,,,,0.0017821140137574175,,,0.008526324128768949,,,,,,,,,,,,,,,,,,,,,,,,,,,,,,,,,,,,,,
ERR321252,0.006194127255554112,0.09278220368982744,0.4254576374084806,0.07462532789061616,0.007518035564594292,0.207899069568367,0.004352498666571263,,0.01443420295114914,0.016285822955425345,0.05836324599970633,0.06648195809301292,0.24628640129430873,,,,0.011087995601773447,0.01185962615580117,,0.0015428028103464206,,,,,0.01293516412702248,0.006354439161600835,,,,,,,,,,,,,,,,,,,,,,,,,,,,,,,,,,,,,,
ERR321229,0.01462463866627979,0.006596050393113646,0.39281370825085876,0.013772004034421588,0.009042488134485044,0.10215628682709546,0.033039824689929276,0.007325269966101414,0.024312885835306206,0.028439227890867006,0.036146449235571455,0.00730324380088822,0.2462864012867836,,0.0036897856782260262,,0.004476099111647401,0.0015223623847990509,,,,,0.00190632721445104,,,,,,0.004258751746493946,0.0014669783671119908,,,,,,,,,,,,,,,,,,,,,,,,,,,,,,,,,,
ERR321168,0.006736874301313973,0.0039233964471570085,0.36146638273550696,0.012444350419387318,0.0030613544117497928,0.054231285528640816,0.0027361151091321555,0.011872743741835043,0.01655325957510967,0.04970477542284892,0.03081326629663485,0.006071396795392522,0.24628640128515347,,,,0.0009678237595090021,,,,,,,,0.011910603646298536,,,,,0.0012662229222243928,,,,,,,,,,,,,,,,,,,,,,,,,,,,,,,,,,
ERR321208,0.006098079126339451,0.0057778746637466545,0.3397451156627515,0.007448845793428009,0.0016586949397860025,0.013503830249270328,0.012758050535856012,0.008546613783339152,0.015369430480407962,0.037726069989924636,0.027984002753298643,0.00510894913209299,0.24628640130218035,,0.0014365722567726592,,,0.000897697820793182,,,,,,,0.012060921582843857,0.003611525402211563,,,,,,,,,,,,,,,,,,,,,,,,,,,,,,,,,,,,,,
ERR321239,0.015516690553690647,0.008147020936344779,0.3689984996817257,0.008600665886062722,0.005241028014642674,0.1924383867069009,0.012747124348213713,,0.007576764582836312,0.021646070029219047,0.017343194420333916,0.04692971663380634,0.24628648285925103,,0.0014852616388975667,,0.0042932309878274885,,,,,,,,,,,0.0009423605889589952,,,0.00898125893946568,0.001487541303449929,0.0014831574453675115,,,,,,,,,,,,,,,,,,,,,,,,,,,,,,,
ERR321190,7.566079589531889e-10,4.986665275796221e-10,0.4374856851954817,2.3352559374968744e-10,8.2226580966396e-10,2.575879158368505e-10,6.529533238406973e-10,9.89452310585394e-10,1.0692320324123742e-09,4.5674562429363124e-10,5.230809297057188e-10,6.148710215873961e-10,0.24628640206419847,,4.910402928731087e-10,,4.3775660323720896e-10,,,2.5807502673893384e-10,,,1.0940648555940877e-10,6.892169236120007e-10,,4.2143564298143025e-10,,,,,,5.960979168552602e-10,,,,,,,,,,,,,,,,,,,,,,,,,,,,,,,,
ERR321144,0.007839597333432457,0.0037856495757812264,0.36429426530693493,0.00814681764718801,0.005301345367651065,0.08627587837128371,0.008395591784113202,,0.010512376275628139,0.02756543398507677,0.02088531307261134,0.00245335385708526,0.24628640128324836,,0.003782122651251969,0.000939169613293611,0.0011706870080037235,0.0009801071282312872,,,,,0.008176670543572214,0.018073267488853916,,,,,,,,,,,,,,,,,,,,,,,,,,,,,,,,,,,,,,,,
ERR321243,0.006524024239707735,0.004558456660886666,0.33771628752641114,0.007209427211786561,0.0022161875749729274,0.02672449931566383,0.008566381170176928,,0.008927683557021013,0.024419638044361206,0.03051811251254309,0.006257778787882254,0.2462864090549723,,,,0.0013481540822663303,0.0010442834218993982,,,,,,,0.009025852302945454,,,,,,,,,0.011662950540234656,,,,,,,,,,,,,,,,,,,,,,,,,,,,,,
ERR321393,0.019061761458343242,0.001891748834868271,0.3306823865734324,2.176117225369303e-08,2.1929740432716527e-09,1.865563494479542e-09,1.3915428612878646e-09,,0.014410969873877098,0.0026904441817263897,3.395738222053476e-09,0.0010360165675306033,0.24628640131025306,,0.004470285455680321,,4.3616594311459655e-08,,,1.9577098592036907e-07,,,,9.262666059795889e-10,0.008875034023694847,0.00020386135630263936,,,0.008411944176767341,,,0.002022489767157702,,,,,,,,,,,,,,,,,,,,,,,,,,,,,,,,
ERR321202,0.01898126067978268,0.010313941809843985,0.3954795336133552,0.009803626168839083,0.04624559468120558,0.02835403560040874,0.03333112191818503,,0.018864578785530786,0.026875059061190178,0.038410137246756515,0.02582257496324461,0.2462864012846026,,0.00238594357178288,,0.0012134246999307102,0.0012734421037728818,,,,,,0.011658371052359673,,,,,0.0039111905112594,,,,,,,,,,,,,,,,,,,,,,,,,,,,,,,,,,,
ERR321182,0.06092618158062693,0.005751765228626674,0.38978935928489056,0.007088196958422658,0.01667594450887699,0.07791689301053856,0.014339533769002077,,0.006057169254599964,0.0012193345851970842,0.01867537103698112,0.0056190063273807885,0.24628640384875503,,0.006805815407392793,,0.002417381108313797,,,,,0.0012914695113525271,,0.06000130923376727,,,,,,,,,,,0.0009039062947729525,,,,,,,,,,,,,,,,,,,,,,,,,,,,,
ERR321188,0.03658438019057318,0.010656875274147257,0.4241288118462474,0.007993732002713827,0.016205559245179094,0.12914408001921282,0.01854933711822709,,0.014819877522535309,0.1019063497039695,0.017088199119323633,0.014877131627607372,0.246286401271624,,0.0013578815631942246,,0.003935640388348761,,,0.0012959941561322959,,,,0.008593310556596396,0.01215278505951133,0.007617336785957644,,,,,,,,,,0.05584757344460938,,,,,,,,,,,,,,,,,,,,,,,,,,,,
ERR321292,0.006730150436690138,0.02475262610586558,0.3330010567483229,0.12048288913663373,0.047016793226534966,0.5092103455494132,0.20029267025709557,0.010076741847079329,0.04602706522217501,0.06265449570456932,0.0585730459322509,0.058601323874981674,0.24628633532789182,,,0.01927613114494919,0.024912867782507415,0.01924785320172777,,,,,0.014761086246126919,0.02310037634834873,,0.007498456641149279,0.02205679554020473,0.07131697224362783,0.15099478963307433,,,,,0.11683503449299909,,0.020492082693907215,0.016239811399599926,0.003600724751002433,0.011029838595882644,,,,,,,,,,,,,,,,,,,,,,,,,
ERR321221,0.00496455340601966,0.01728182311130929,0.4257917254306857,0.037161909661374413,0.006778401353033825,0.12847999328117565,0.023016143163513414,,0.0063070296495401365,0.009555862293493745,0.1596886529062504,0.01623152106920604,0.24628640128424206,,0.005297864772191195,0.032068326028577614,0.0017933797148892217,0.0019559216789851635,,0.001843346318801595,,,0.003660003621973601,,,,,,,0.04184612834057656,,,0.005446761240390242,,,,,,,,,,,,,,,,,,,,,,,,,,,,,,,
ERR321509,0.005900997302679864,0.0020616549991480924,0.3360951664330657,0.007535049779047309,0.007295245666566822,0.030526114510038622,0.017562246279209794,,0.007217237098522747,0.014537660125715456,0.01694147968704444,0.017542434577480105,0.2462864012911642,,0.0015923653650297264,,,,,0.001188289243056279,,,,,0.008684597777027174,0.004153117806606877,,,,,,,,,,,,,,,,,,,,,,,,,,,,,,,,,,,,,,
ERR321568,0.009298287802436604,0.2313439901900602,0.4459379239323776,0.04481208436119113,0.10334950026714934,0.051141675587576006,0.06275829395531989,0.007003274869417308,0.03422399445522263,0.2794533477527314,0.022461610309194396,0.027021189410517666,0.24628640137521382,,,,0.0070111351532086705,0.005665764811741785,0.012836054202497801,0.0199506895518829,,,0.005691650585631233,,0.018190771553930993,0.005528274553488351,,0.08633897542609005,,,,,,,,,,,,,,,,,,,,,,,,,,,,,,,,,,,,
ERR321567,1.9346232239120285,0.70179427979969,0.22534375230809114,1.3909977077614395,1.5180269709399974,1.1891109201440415,0.049953419729115885,,1.3173920218028092,0.018313810814359583,0.042819244277723836,0.2160094611728136,0.24635398340487583,,1.2288815369871602,,0.933258772502596,,,,,,,,,1.0675920899719946,,,,,,,,,,,,,,,,,,,,,,,,,,,,,,,,,,,,,,
ERR321562,9.6864996257498e-08,5.937101372794046e-09,0.3454196182973758,1.5171721641703812e-08,6.67442688165825e-09,2.0310145806260758e-09,5.647153400405466e-08,,8.095742554799749e-08,1.0924492492232703e-08,1.4023498964296633e-09,5.5151367339600373e-08,0.24628640132595997,,1.905036011533864e-07,,1.3989263855785443e-08,,,,,,,3.149407728294105e-09,,3.367629007625269e-08,,,,,,6.384878351464234e-08,,,,,,,,,,,,,,,,,,,,,,,,,,,,,,,,
ERR321515,0.06614214481387755,0.013892319761094184,0.46364595051806645,0.0346154281353043,0.012589636475717118,0.16223952820761184,0.03343823640323548,0.006454409605651723,0.04840249691612448,0.06384362533084285,0.08186664125213537,0.0736756861254346,0.24628640128659876,,0.0018337959316759318,,0.007657413620148968,0.00439058512071401,,,,,,,0.014450772248758724,0.006713208669203974,,,,,,0.007020240378714712,,,,,,,,,,,,,,,,,,,,,,,,,,,,,,,,
ERR321487,0.005370209119834812,0.0044695617956799615,0.3517205434786636,0.00464321691479187,0.0014569335376397488,0.052055248092949744,0.0035551976377413293,,0.006140135015482069,0.03784083587587007,0.043094040399775,0.010923126467900304,0.2462864012850126,,0.0016571993133494029,,0.0013356081414903056,0.0006782288877111322,,,,,,0.00905510687288965,,0.0044417430533239275,,,,0.000838853006259403,,,,,,,,,,,,,,,,,,,,,,,,,,,,,,,,,,
ERR321519,0.005476109197549072,0.002673197073327938,0.3830530518978948,0.016307035580088215,0.06393436097887839,0.09816088574133978,0.026036507071920498,0.004809927643811156,0.004301935257720948,0.006639333168182455,0.04824305076332128,0.0038628132927698245,0.24628640128981782,,0.002484239855839698,0.0011472201789959077,0.001013293592154863,,,0.0010295781663291843,,,,,,,,,,,,,,,,,,,,,,,,,,,,,,,,,,,,,,,,,,,,
ERR414234,0.026607553515836352,0.0027464112611090444,0.4484196939994368,0.006134140019928695,0.07028730299846933,0.153887753663666,0.08477290513167965,,0.009794537785581404,0.013561243075407622,0.0606638900552562,0.03372526072030941,0.24628640128716336,,0.006150388866769621,0.024638549415074058,0.0021856702346075597,,,0.0020013682462922903,,,0.0106754033550212,,0.012615210849161895,,0.03686587345625217,,,,,,,,,,,,,,,,,,,,,,,,,,,,,,,,,,,,,
ERR321428,0.009293738953993654,0.00992176196645157,0.34079573619154435,0.0055380211108473,0.0007614403691786943,0.060772795306677625,0.007850387819946241,,0.004284779654645536,0.028062712507041395,0.008778499659540532,0.0051726259036800944,0.24628640128404963,,0.003527546166014472,,0.0008628054810344083,0.001234210466368547,,0.0018123522192478672,,,,,,0.005863139301598165,,,,,,,,,,,,,,,,,,,,,,,,,,,,,,,,,,,,,,
ERR321480,0.01935612356199785,0.0075884654773207055,0.3912620126633719,0.0068572602762214585,0.0032046686251119344,0.05928444423758184,0.013325814115349893,0.006119023707767194,0.008480460891288453,0.05276780944151909,0.13126912979348362,0.002013468123104069,0.2462864012829181,,,,0.013502006885802487,,,,,,,0.006283579213612808,,0.0037885678282531744,,0.0009211353935811462,0.0012793489264069885,,,,,,,,,,,0.008741442179980826,0.0011267803499647089,,,,,,,,,,,,,,,,,,,,,,,
ERR321537,0.016587163048369255,0.023341688932948895,0.3319124879061723,0.03113550524513866,0.3199597698019553,0.3680887921076306,0.11714417126114446,0.007034895448288881,0.03945502424704926,0.08427768920257847,0.06790150709298579,0.01647648884962507,0.246286401518868,,0.004643132752589784,0.004096694507855929,0.009530019090386043,0.004086317308399101,,0.006777033389130302,,,0.06727204747852236,,,0.005634468914620884,,,0.02114378446046308,,,,0.0030055560915753276,0.014828936001704993,,,,,,,,,,,,,,,,,,,,,,,,,,,,,,
ERR321493,0.09200955168542865,0.09051729735457115,0.46382096878145,0.043178481826126255,0.1350044096618071,0.3285267812629968,0.2924646834923723,0.010861555560119767,0.035888863463222086,0.03292423044583058,0.13511349984509674,0.16550019776320835,0.24628640128367454,,0.10962547063889042,,0.015534848664244748,0.0040142025536215944,,0.01858304973090115,,,0.04051062831389437,,,0.007914212215825774,0.02747039885457624,,0.015867991563833467,0.0069031726010249424,,,0.003478237743446261,,,,,,,,,,,,,,,,,,,,,,,,,,,,,,,
ERR321397,0.03368034838248867,0.004194322239101284,0.5338025257779822,6.409746192359358e-07,0.00024148232008346597,4.73444114023394e-08,2.4434955753377962e-08,,0.02208554673028279,1.9933048928213116e-07,3.9843958204861337e-07,3.722810007004129e-07,0.2462864074725448,,0.0036249014548486087,,0.0023310423869214946,0.0006815737226955426,,1.7337504135081184e-06,,,2.6627525049691097e-06,0.002265796294201544,0.010454739026305481,3.289326149360265e-07,0.0044181347307338525,0.006525369931625503,0.01922003083934192,,,,,0.022204480278594337,,,,,,,,,,,,,,,,,,,,,,,,,,,,,,
ERR321528,0.04973312614103607,0.00838048489852578,0.38532574099712913,0.014420126516978554,0.0029352163292258324,0.020341871067536835,0.021917908042570117,,0.014164173127433692,0.02736684153824785,0.013782992964391904,0.05346796675102781,0.24628640244439093,,0.006357903828094963,,,0.0012327297813032522,,0.0027366845522296,,,0.0011276606392946387,0.008730390341133315,0.008945824840085204,0.0042346146505716714,,,,0.007982199079381486,,,,,,,,,,,,,,,,,,,,,,,,,,,,,,,,,,
ERR321553,0.09601830510768718,0.05225294022223572,0.45885203012259196,0.1403434781674335,0.07338389416793419,0.11616054928298876,0.19431268115336076,0.011566716887558831,0.019150574973648072,0.015893029763835834,0.05423331959906746,0.052371677726670535,0.24628640187676407,,0.06253999304571911,,0.018553270378518866,0.016953771124998716,,0.02869527305279435,,,0.06225910214469858,0.41318687033470386,0.016518235736495777,0.009880966174462063,0.01278053527982751,0.03086806598800848,0.035890552865305084,,,,,,,0.004687325762116769,,,,,,,,,,,,,,,,,,,,,,,,,,,,
ERR321453,0.018448182516061108,0.00402735120012681,0.4180726989604519,0.02441029241779565,0.02018886164106706,0.07671072554072997,0.039503229938513705,,0.022011100219516348,0.06832450181851664,0.02924341528302683,0.014330209921502584,0.24628640268509067,,0.011499057174955201,0.0015330065275070163,0.002226257458414909,,,0.00267105603083769,,,0.0035259144615459805,0.011231086626542033,,0.0049524905781692065,,0.0010391225897306185,,0.0021975613299843226,,0.004821796048044075,,,,,,,,,0.0012460405540440527,,,,,,,,,,,,,,,,,,,,,,,
ERR321548,0.012546266067277097,0.005199924768593667,0.48902975663794196,0.03684310780777605,0.04705806132537178,0.12283864438579074,0.13202768591349354,0.007026285493381118,0.011063620378815975,0.05404110227039083,0.039706735364652024,0.062471200771371804,0.24628640128527068,,0.11319414430294565,,0.012160129022336317,,,0.009336958333756952,,0.0024912852871191485,,0.010637526107589456,,0.006404887286479576,,,0.01836266539648359,,,,,,,0.03907750934624452,,,,,,,,,,,,,,,,,,,,,,,,,,,,
ERR321432,1.8873617934681205e-09,7.283335871455058e-10,0.4851520279004527,8.400991673274994e-10,5.708887240266408e-10,2.028532873648538e-10,6.339812482282791e-10,7.551314774931605e-10,1.070260914779983e-09,4.381827445856468e-10,6.969667659546305e-10,7.075995736501372e-10,0.24628640128543874,,8.344101386390921e-10,,,,,2.0082568693929865e-09,,,,1.0315399355024311e-09,6.325460232115993e-08,2.9927690542966887e-09,,,,,,,,,,,,,,,,1.5736354088501678e-08,,,,,,,,,,,,,,,,,,,,,,
ERR414233,0.013620021248698837,0.015480893863364795,0.40685953044201506,0.0779461179205338,0.055064986845216365,0.3542568657072152,0.09744907216522602,0.008256894854461534,0.035650341311235116,0.016590896677635303,0.10018926361488775,0.029127456876192056,0.2462864012882438,,0.0031528995091878523,,0.025973738179087172,0.007255895887993787,,0.0075884871372273646,,,,0.009400359262305587,,0.007334909137568608,0.004535692682097245,,0.021738360650905824,,,0.030810237526534202,,,,,,,,,,,0.011468579144968155,,,,,,,,,,,,,,,,,,,,,
ERR321441,0.06689623872791933,0.008634792157481957,0.39611231519018825,0.053323936685544165,0.13662394046696824,0.4801494353739011,0.19941338779928044,0.010123101376343034,0.03390150445305561,0.10915172909332244,0.09598893616457721,0.13974790998848372,0.24628640128614512,,0.14348029305042104,,0.01908312467957446,0.008740094500864607,,0.02338882050015641,,,,,0.011579805791245422,0.010983206946544689,,0.23285273196815096,0.027478061503413413,,,0.06757485382963073,,,,0.07760197697632082,0.011747605983518334,0.004574801802368141,0.008238882084296522,,,,,0.00931925739003516,,,,,,,,,,,,,,,,,,,,
ERR321578,0.04320737285249867,0.008896311602105375,0.396438385293301,0.02220695896662081,0.011122617591389992,0.2709104144636239,0.06805210711117654,0.006188044722602805,0.016477910291816323,0.04491779427478157,0.04352690419076663,0.013424913122812654,0.24628640128455187,,0.006691864333555323,,0.009054294800489865,,,0.00447831708288155,,,,0.009105048241374349,0.00958146581556275,0.0067262586864087195,,,,,,0.006543450188598733,,,,,,,,0.0074302864478234055,,,,,0.0015256073503670496,,,,,,,,,,,,,,,,,,,
ERR414235,0.10090836846784149,0.03276522917929739,0.46568325038693265,0.03829771114657089,0.08088303391827999,0.37887334243812254,0.1262905833455993,0.009608236512629367,0.07681947208936286,0.18870885424962416,0.02720478519986983,0.040086805763238316,0.2462864012844319,,0.093172538630066,,0.017125009791263465,0.0036915238333371033,,0.015561053406453196,,0.014093300539025055,0.003087656925610903,,0.025596296624158243,0.011594099084567192,0.0037265456322622815,0.004034256578079666,0.006233008099643463,,,,0.01369424054669834,,0.007833210707575165,0.03400241669632108,,,,,,,,0.008177054424284597,,0.0030269697854968945,0.021547928734019946,,,,,,,,,,,,,,,,,
ERR321560,0.021712331423436114,0.038564526594933674,0.4406995330982928,0.018692630550330165,0.20640649974989364,0.03694714324702941,0.02926292112445058,,0.019228828578448477,0.07303311606559545,0.04948592909766231,0.01425115479655697,0.24628640410594274,,0.014367110588993837,,0.00437414620472967,0.0019934629422638794,,0.0013490144245284837,,0.0017755739295579923,0.008909300171951712,0.029681366802543695,0.011905543114811377,0.006174324738500236,,,,,,0.00419394838699709,,,,,,,,,,,,,,,,,,,,,,,,,,,,,,,,
ERR414239,0.05371865277972625,0.03740436067269565,0.5607680112157156,0.1437229618552966,0.03870064114167457,0.07589951582212716,0.09332658918666481,0.012785521599313343,0.11240118346531755,0.10586692145762487,0.039165456905912006,0.04369078674741757,0.24628651678539956,,0.005540293389361957,,0.017527195110993318,0.011489264072686571,0.027652830920330912,0.006907479642527338,,0.01998287232741426,0.0031840772861517403,0.09442659496997087,,0.012287159193549049,,0.009282415756351928,0.00804586683688082,,0.013791641688994483,0.04660635441744411,0.0028170980497206418,,0.003331801109816201,0.013038963757778244,,,,,,,,,,,,0.003878997790899628,0.003276975688482403,,,,,,,,,,,,,,,
ERR321592,0.035586665215674475,,0.30206551343546956,0.001428837943609656,,0.0011470069721114255,1.1601174429675178e-10,,0.015319031360756673,0.005013289309928871,7.068624482458061e-11,6.226932140113163e-10,0.246286401294562,,,,2.1625382428458598e-09,,,,,,,1.527979257537842e-10,0.013314954868964432,6.419153643493791e-11,,,0.004268356344895741,0.0012768063371501404,,,,,,,,,,,,,,,,,,,,,,,,,,,,,,,,,,
ERR414270,0.04805502288761521,0.0025160018101361013,0.3722879031136006,0.011307012828109952,0.003585761163575583,0.24711441150138633,0.03121985242865848,0.007529239262492226,0.0019927689533085773,0.05473504987595398,0.037914729096106665,0.012124327614070956,0.24628640129470555,,0.0032075310544377677,0.0020903109696101866,0.0021619388387558174,,,0.001244170355766924,,,,,,0.005256339214764104,,0.005044815098390376,,,,,,,,,,,,,,,,,,,,,,0.003024093829856037,,,,,,,,,,,,,,
ERR414242,0.03148459850053066,0.0046925597335925745,0.4175232730896917,0.00525334948661594,0.005183181971371519,0.042081413426368786,0.055028429211979424,,0.004797261591719215,0.04465931455890363,0.023587858434231744,0.006766630199878164,0.24628640330844984,,0.028490506894608494,,0.003559422351470608,,,0.0028472900719097487,,,,0.02458838591230073,,0.005330287214890167,0.0024586176552885875,,0.05906746648166713,,,,,,,,,,,,,0.002213993817181058,,,,,,,,,,,,,,,,,,,,,,
ERR414268,0.006492114592892249,0.0029645418495539704,0.30297050116921104,0.0011683552667076818,0.0011273105324791368,0.0264151785058631,0.0008436990060202593,,0.0010570691821182284,0.009760099083842138,0.006935906146435341,,0.24628640128410434,,0.004646409708513139,,0.006819164275584309,,,0.000822916486751043,,,0.0008343037610919839,,,0.00575705769442548,,,,0.0005593293438014349,,,,,,,,,,,,,,,,,,,,,,,,,,,,,,,,,,
ERR414267,0.023730253317465335,0.002882367010697158,0.35893084422070093,0.005840853542823436,0.002356089619147481,0.04192774678206565,0.032399751852308846,,0.0022234003960700565,0.04030290373012375,0.018946338070763902,0.009924014827770163,0.2462864012855387,,0.0008733427552182268,,0.002023774627301597,,,,,,,,0.010016725905419998,0.00502972758741709,,,,,,,,,0.001092646327086337,,,,,,,,,,,,,,,,,,,,,,,,,,,,,
ERR321590,0.016668066660298412,0.006802103395246112,0.39373909784955496,0.009004598708715107,0.0029697775876263606,0.12891716755959973,0.01566168403536125,,0.010863220215697376,0.025806992266302377,0.08723096415920968,0.018765406692848777,0.24628640128600202,,0.002662101023339054,,0.003758098552625003,0.0016301741427286345,,0.007110543614123132,,,0.0013477363747540075,,0.012026258088301647,,,,,,,,,,,,,,,,,,,,,,,,,,,,,,,,,,,,,,,
ERR414250,0.03391356405132045,0.0032261058318244894,0.3624019294156158,0.0067987599735600205,0.002699371413516527,0.01787096648193431,0.023808842503774654,,0.014589469941759112,0.03494499061678283,0.008848691774519177,0.0134600407308136,0.24628640129455381,,0.003721677035645703,,0.0018306016486364916,0.0009658223031265147,,,,,,0.02055472232632576,0.009175362662064299,0.003079083780660796,,,,,,,,,,,,,,,,,,,,,,,,,,,,,,,,,,,,,,
ERR414265,0.08766385146540523,0.002208866787832669,0.4353707690289933,0.012226345651540245,0.12063683766528466,0.08973636250671643,0.021296166000677293,,0.03217860051088759,0.09038712995561096,0.007036438898299696,0.007603906070847908,0.24628640127697599,,0.0015563905051501838,0.0012935032270073145,0.00444797862373799,,,,,0.007598694462978859,,,0.007998337603233414,,,0.002694400729698908,0.0013725317795480702,,,,,,0.0059104753483700655,,,,,,,,,,,,,,,,,,,,,,,,,,,,,
ERR414277,3.6288937721789503e-11,1.1044114784144336e-09,0.33569295188842435,6.584575153702179e-11,5.884716308481076e-09,8.805509698142825e-12,9.222300478861628e-11,,8.23063615673701e-09,9.625844007238498e-12,2.895636760338466e-11,4.1426470058534464e-11,0.2462864012912116,,4.832880639713079e-11,,6.298359863480466e-11,,0.008314276232835606,2.3018949679713185e-11,,,,,,1.6349884516221598e-09,0.00012737660449516061,,,,,,,,,,,,,,,,,,,,,,,,,,,,,,,,,,,,,
ERR321584,0.005192110693721304,0.02492572067087902,0.1626698807146691,0.13988595226167425,0.2701069189939458,0.15736466986140998,0.33431666444844177,,0.02028624317659472,0.06340653104924675,0.4872487556316567,0.03373534380008628,0.24628583203886018,,0.07242745510232779,,0.027801986770626518,0.010750950369699688,,0.020783003521213463,,,0.014804270973337233,0.11107520675356457,,0.008039527221722378,0.01593357959673355,,0.03739755452176047,,,,0.05209482053822862,0.25183074358509605,,0.060147620648314894,,0.005283877600791603,,,,,,0.01016919558355245,,,,,,,,,,,,,,,,,,,,
ERR414252,0.15910502531161905,0.008709630555335607,0.4210130922212757,0.012179718109033073,0.002070679447294523,0.10661737587963555,0.009291282088301616,0.008759192897759688,0.0351779597677674,0.05480080284128112,0.018003902141033663,0.009541684698036451,0.24628640128411736,,0.0064838873472885935,,0.00889218465071709,0.0016797706217075428,,,,,,0.02943221138151243,0.01485637713913443,0.009565864587613337,,,,,,,,,,,,,,,,,,,,,,,,,,,,,,,,,,,,,,
ERR414262,0.8841619756466103,0.3474006048908604,0.19052734800579332,0.2959460362155455,0.4874247399633948,0.10911915150590942,0.10363948607883357,,0.9687975560338116,0.4690435956152297,0.25043307025683836,0.18049037751995295,0.2464555260533726,,0.6039633044091094,,0.6302786781253694,0.4057816794875039,,0.39392296367609414,,,,,,0.22363213306345808,,,1.2419629296346117,,,0.4728655063860969,,,,,,,,,,0.48115085982403555,,,,,,,,,,,,,,,,,,,,,,
ERR414274,0.10663421780685615,0.024179338502556307,0.42832014328888046,0.06036875692875814,0.015325909264556854,0.10233639414833817,0.366940113938946,0.007980169861152683,0.04894154683318228,0.23188594406153842,0.1726849459690021,0.17358348086582595,0.24628640128390858,,0.020828510050137652,0.010233538456167455,0.02170685315152089,0.0047625714835318805,,0.014959091647451685,,,,0.3285403669707964,0.007681258188089867,0.01096703992582033,0.0063634443314559315,,0.04191783079110814,,,0.026677736657522037,0.005983838577305644,,0.00522597318872,0.015349466359218846,,,,,,,,0.00499645978070531,,,,,,0.10115685676515099,0.004049464574911612,0.004898193042827845,,,,,,,,,,,,
ERR414241,0.02550629213183644,0.05626262401086088,0.38381067293921,0.027464091195844587,0.027785692563326008,0.3540842433501292,0.26063975102459175,0.007160477137770303,0.0352734039519924,0.0592551492268108,0.042681920169695915,0.014825379190340025,0.2462864016286001,,0.01893423558046173,0.005038607267285427,0.007898893795368928,0.004495742805467569,,0.010090568341758093,,,0.003455824056675749,,0.016138566744035587,0.006235223497380749,,,0.08479630841647422,0.008808428769925028,,0.026774521686682696,,,,,,,,,,,,,,,0.008023714076147333,,,,,0.2677978855715095,0.0026620213430982947,0.011361951090932297,,,,,,,,,,
ERR321587,0.06228829662280391,0.09809497306184993,0.5776248215015845,0.059329877997932094,0.07879657442710077,0.1349272849372827,0.118233728619386,0.010837667764738497,0.018816523560752214,0.1440983826734027,0.10384124842074498,0.16231227937821416,0.24628640128394774,,0.045542288749954724,,0.015936970942833608,0.004763657745736779,,0.01063860922010329,,,0.003881037700121677,0.02439373092593631,0.014514479137268565,0.010101121337809885,,,0.1226336216254289,,,0.028675529096874746,0.014789451677876368,0.06130236089653721,,,,,,,,,,,,,,,,,,,,,,,,,,,,,,
ERR414279,0.05732482080421646,0.06752237797941664,0.4089810045920892,0.09160339789260372,0.027832693932728105,0.07249751761275351,0.1615523160048249,0.012246681780385127,0.04398157844676286,0.2135803348541968,0.045410103790635654,0.03719220588236194,0.24628652554087183,,0.04355652466493992,,0.030836215856246504,0.008091243369760203,,0.02523268590293311,,,,0.44696989910855023,0.011998714252411887,0.008570424752105867,,0.024859040653189692,0.011297240236477516,,0.019001295160537203,0.04252318445832161,,,,,,,,0.023046029072539193,,,,0.0034874513994132246,,,,,,,,,,,,,,,,,,,,
ERR414254,2.0691144404017836e-11,2.648874630117271e-11,0.8961359293380325,1.0706556212869068e-11,1.5159529438126175e-11,1.9660141311810744e-12,1.0683624568369087e-09,,3.1154448138273934e-11,1.6927509980342388e-12,9.287635030023248e-12,1.3314677788732872e-11,0.24628640129115656,,4.437166079477409e-12,,7.30905582645036e-12,,,1.497536548995169e-11,,,,,1.4557897795400984e-10,7.868743580831713e-11,8.062418570765572e-11,,4.745017054706197e-13,,,6.243626255946177e-12,,2.1236595582553658e-10,,,,,,,,4.6425819140541494e-11,,,,,,,,,,,,,,,,,,,,,,
ERR414244,0.013968400872030896,,0.28604110737508354,0.04095948960963639,0.014515825420042153,0.22227033938310675,0.14461613946557353,,0.07600573087008987,0.10079295945913211,0.046966999463942984,0.023800802450807495,0.24628640147455236,,,,0.029827341698523368,,,0.019367857648533146,,0.5195772421153384,,0.1287279912335945,0.0182372844347363,,0.008230841993698678,,0.1648602302655142,,,0.028052305278635288,,,0.08869651229357378,,,,,,,,,,,0.01956080596614046,,,,,,0.03254809076005829,,,,,,,,,,,,
ERR414240,0.01349266077358111,0.0038450632135056955,0.40519445103374935,0.010357454450938044,0.00811441429820448,0.13662547098084823,0.06374442651964396,,0.029315297898038595,0.020679143977785218,0.023082973335699985,0.014667339106417605,0.24628640128933005,,0.026661908988038146,,0.005935506434863689,0.0009772683065112063,,0.0048955731408124245,,,,,0.00976355239747809,0.0045410832951350835,,,0.0009575211915896883,,,,,,,,,,,,,,,,,,,,,,,,,,,,,,,,,,,
ERR414266,0.19719030975347973,0.003261138743247466,0.3071866680243095,0.03294075494207613,0.012461351083673581,0.2066692772793843,0.05333868843337883,,0.023840992594642074,0.09337911465172419,0.02498222330710442,0.012358835280270078,0.24628649056287816,,,,0.012750822659242687,,,0.013059661200379059,0.006658598610656511,0.015776846441632658,,0.4182293588681236,0.009622756494400633,0.009156990424434602,,0.0074413045473681215,,,0.013285070730928338,0.0026208668686697844,,,0.0022162264060914165,,,,,0.02430290033258475,,,,,,,,,,,,,,,,,,,,,,,,
ERR414261,0.008185019634261447,0.0006419174664692692,0.54006852615765,3.8211160095749437e-10,1.1310684928137961e-10,1.3506736911663475e-10,1.1067185314523608e-10,2.776289166860423e-09,0.008711280277258116,1.522631659137884e-10,6.94058950522119e-10,1.5839022249008562e-11,0.2462864013044246,,9.95366501956408e-10,,2.1954144918254763e-09,,,4.119965991833757e-09,,0.016805175572250183,1.0733249479478191e-10,,0.009537874883306341,3.522214624206142e-10,,,0.009011861342747606,,,0.001411552526676975,,,0.0029376869883001974,,,,,,,,,,,,,,,,,,,,,,,,,,,,,
ERR321589,0.019590539358126026,0.009684701674724714,0.25756554727564857,0.02508438051176681,0.013332473987112061,0.4143974371249441,0.14892575362801702,0.006700843656235861,0.019778722053270466,0.021469462763762385,0.07782379079085437,0.020651251031608576,0.2462864013385577,,0.007414593294225609,0.014023132163465271,0.006356317121642739,0.001980095494467612,,0.0022273420408305206,,,0.0039602101628345085,,,,,,0.018814141212882343,0.01018131455627107,,,,,,,,,,,,,,,,,,,,,,,,,,,,,,,,,,
ERR414246,0.02209948034588905,2.1342398697343337e-07,0.3638607449667826,7.74727780321787e-09,2.45427440921512e-08,3.583772594350696e-09,1.857492244697146e-09,,0.03086496875964408,2.241967401515787e-08,5.028933737318956e-09,6.374093926293575e-09,0.2462864033181305,,7.155669340175798e-07,,2.9454820822106293e-08,,0.011109374463607102,1.788222687042263e-08,,0.013723052171584557,,5.7758664563360856e-09,0.009450262258253614,,,,,,,,,,0.004545353297614564,,,,,,,,,,,,1.998247959341068e-08,,,,,,,,,,,,,,,,,
ERR414278,0.08383968282476982,0.009152706480349056,0.41452376431126037,0.03248283842450727,0.015212104952554258,0.32210137045625126,0.03370757832331463,,0.026590094401984444,0.07140059757773341,0.02230389280429018,0.01589665736172734,0.2462864013495898,,0.013710991518961473,,0.011756167448885803,,,0.01260548369459017,,0.012794311637326911,,0.18144008337355405,,0.005426240392530636,0.001887037624464892,0.00993630215598521,0.007589950181988338,,,0.011526071892776081,,,,,,,,,,,,0.004508712508009404,,,,,,,,0.0038335959199862647,,,,,,,,,,,,
ERR414282,0.042674132708229374,0.016326104141179913,0.5036483035244701,0.02389246887822962,0.12871402306858049,0.21089732387659604,0.1055222236429223,0.008830377119055393,0.03267887508367684,0.03066360843600226,0.03804882976381246,0.14409456237151494,0.24628640188578704,,0.05627204161366456,,0.0060579042851449045,,,0.033432261911451995,,,0.011336827429988117,,,0.004585027778753327,0.0043217107585011745,0.006136062716588832,0.013081296565534925,,,,0.03683353982898168,,,,,,,,,,,0.007743218400935361,,,,,,,,,,,,,,,,,,,,
ERR414309,0.01757101861521072,0.0035746275549446184,0.3961840580883473,0.005308183439242536,0.012818617151865632,0.05795833168349509,0.020198911211700272,0.005691732500507017,0.018323201156366074,0.037716170492350896,0.0067536794000067485,0.013642169237558404,0.24628640190215087,,0.02684273790978013,,0.00247396384929037,,,0.0026668132408313107,,,0.0019551085168180464,0.03668107030888788,0.012543241010314968,0.004696225826433212,,0.0015824969092078872,,,,0.004525935909372257,,,,,,,,,,,,,,,,,,,,,,,,,,,,,,,,
ERR414315,0.008950786593985004,0.002131231662232849,0.43910981912011593,0.023625306975547707,0.09500968423364396,0.058397901459328036,0.017245661006970673,,0.022690054061059336,0.05487160518501873,0.06420177302285622,0.035030393434561505,0.24628640128407356,,0.001760923730208455,,0.004589629140943622,,,0.00260152156936246,,,0.044748606059902725,,,,,0.004952444285366848,,0.0016998691666245882,,,,,,,,,,,,,,,,,,,,,,,,,,,,,,,,,,
ERR414311,0.02133549668434363,0.005386013498327683,0.3933252247221382,0.00564802530369588,0.01362779460121072,0.04147347038095627,0.04250729441654842,0.00530668093513538,0.012227550161790056,0.042321453071438905,0.019510010255090363,0.01356042900491363,0.24628640159687207,,0.02103378443944062,,0.001800999478984549,,0.008814080150180446,0.0009321767867915129,,,,0.019868481184298313,0.010281758055036902,0.004111172080887791,,,,,,,,,,,,,,,,,,,,,,,,,,,,,,,,,,,,,,
ERR414283,0.007142320209353348,0.006919825474606926,0.3110906857509858,0.003460438442185437,,0.00172674308729743,0.005149179956319827,,0.004427042933328651,0.018298193682702496,0.0023596590809656435,0.0007783777337752805,0.24628640130845994,,0.002910477903973129,0.0017456258526032462,0.007485085321237933,,,,,0.0027611967606966555,0.00870119978522597,,,0.0053871983046983336,,,,0.009237706361853948,,,,,,,,,,,,,,,,,,,,,,,,,,,,,,,,,,
ERR414322,0.010750760378001548,0.0026233737763238247,0.35373350362363704,0.0032904898783192287,0.0007861534854235478,0.05049751707862,0.012909808586255359,,0.008361426206277504,0.02142945082160543,0.02814504558201872,0.0013885192554919537,0.2462864012860883,,0.0014463253490095511,,0.01967922119508876,,0.008534641884231099,,,,0.0020869782720633156,0.006797688984300229,0.008588196133869644,0.006438637106086088,,,,,,,,,,,,,,,,,,,,,,,,,,,,,,,,,,,,,,
ERR414305,4.764293690528058e-11,,0.40443343015183303,5.6256176235411664e-11,2.0745020259362846e-10,3.6093069798013173e-11,3.636051594246621e-11,4.473011012020418e-10,5.2536079951979134e-11,1.3800616023619537e-11,3.5300552994371966e-11,6.58654210671402e-11,0.24628640135327376,,,,1.2372569808076967e-11,1.783959068185045e-11,,,,,,,0.006088145592695614,1.9065698724805247e-11,,,,,,,,,,,,,,,,,,,,,,,,,,,,,,,,,,,,,,
ERR414316,0.020786444326627445,0.003418239929645396,0.38157964863375826,0.008092964342877373,0.023018799544833633,0.09262929600032839,0.020186495853390864,,0.010741346117971659,0.01584684671410983,0.020891418556851112,0.006834607754546626,0.24628640130786686,,,,0.0032268438057530325,0.00149280660675434,,,,,,0.009169555378193365,,0.0034715581592916524,,0.002848856897790683,,,,0.015772103469676533,,,,,,,,,,,,,,,,,,,,,,0.002511912122856702,,,,,,,,,,
ERR414308,0.009578301038119541,0.0013460586308943164,0.33916989229732486,0.0056779243000460965,0.0015884807577658915,0.06650708923893177,0.020113748016987176,,0.007754928213461727,0.005794875577239136,0.019546073918911215,0.0036171851433766944,0.24628640128293622,,0.002434226012478659,,0.0013981015007427221,,,0.0006196101249840902,,,0.004148134471628147,,,,,,,,,,,,,,,,,,,,,,,,,,,,,,,,,,,,,,,,,
ERR414320,0.21145551889608655,0.002016337040881843,0.41712180630819373,0.027253423228644758,0.003212495574705184,0.041001050968824004,0.009755426890165923,0.006071694250713169,0.04965628305494855,0.06035056116285233,0.008942940121816333,0.023935898647198323,0.24628640128341275,,,,0.008806320009220426,0.003384918947388922,,0.008322655509043311,,,0.00879652218610726,0.02330175187133685,,0.006127750836109222,,0.0036040422246610367,,,,0.012943565266221944,,,,,,,,,,,,0.0017223107794615991,,,,,,,,,,,,,,,,,,,,
ERR414318,0.030420848041650798,0.017651902770456786,0.43063730157477115,0.021044198253330062,0.012389197410653571,0.10395317996523523,0.04204988184766147,,0.002204630293224961,0.054073913537922534,0.07199335961230967,0.0254988749695994,0.2462864012832214,,0.0017489662557459286,0.001238813996145662,0.008058357567893368,0.002137452267789124,,0.0023894672626815334,,,0.01670005638235416,0.007618912289119037,,0.00433450696772665,,0.0017978887778813829,,,,,,,,,,,,,,,,,,,,,,,,,,,,,,,,,,,,
ERR414302,0.055460097303461985,0.04039475561077511,0.5039095331116202,0.05932215110763975,0.03647771818565573,0.14496651897503013,0.10969533496270918,0.006762834370863052,0.026017638409361433,0.08188358623957605,0.06410494425415213,0.027270145927138358,0.2462864038735016,,0.028022051533599115,,0.01075565875565958,0.007485998222508948,,0.003268883023519134,,,0.007323998502236559,0.008222453326668148,0.01960420167066461,0.004187584319366556,,0.009514489152236617,0.0074476338489862645,,,0.009971441924209474,,,,,,,,,,,,,,,,,,,,,,,,,,,,,,,,
ERR414297,0.07599066888756621,0.006715995713601127,0.43746245834621,0.029721922382707298,0.018852927133359867,0.24676679001855215,0.027349078851279508,0.005816078378099393,0.025158965902703345,0.03170960408756811,0.018229141138499855,0.03160545513535484,0.24628640130462442,,0.017576688837424432,,0.00934450680036072,0.006094091261601618,,0.004859138187445547,,,0.003411132234048728,0.11081088341235416,,0.0039232779734742155,,0.006290214387587338,,,,,,,,,,0.0015200469809469879,,,0.0031839114021047134,,,,0.004145261531510718,,,,,,,,,,,,,,,,,,,
ERR414324,0.02113722981862302,0.005868786315777782,0.39456230768521233,0.012131802308510341,0.008799329574829925,0.04412754444234765,0.017629971662131216,0.0064079193334989955,0.016045609818639995,0.03598731760860357,0.02384704552394958,0.015691162433977394,0.24628640129026383,,0.007221384228975767,,0.0026702900751541274,0.0013246219804068252,,0.002164926641803119,,0.002174679719424065,,0.024955295023210908,0.007681362682592896,0.0049810031046753425,,0.002708275747827651,,,,,,,,0.01198909937844486,,,,,,,,,,,,,,,,,,,0.0014881143651687971,,,,,,,,,
ERR414288,0.020815764150387203,0.0021829811203697464,0.3691293426764585,0.019404741593759506,0.004928885161290945,0.023881178839973313,0.012057704890184756,,0.01814988723199256,0.007479589637105418,0.007875796503526352,0.004013697690846945,0.24628640128404053,,,,0.0024032905855780164,0.0015931120296096878,,0.0018240974714735327,,0.0008367404124896987,,0.14121563452680286,0.013777364732487106,0.004160591075055811,,0.0015981510909288295,,,,,,,,,,,,,,,,0.0011766208111058925,,,,,,,,,,,,,,,,,,,,
ERR414319,0.028503295501263497,0.008774993399455516,0.3988493791537228,0.006561842268671926,0.003239857841371169,0.024165322840086004,0.005172537969564491,0.007596900939629004,0.007422707940226568,0.03703389379621151,0.006167584902128273,0.01101270796410066,0.2462864014277368,,0.020476522711886692,,0.09342495675764864,0.002304904625118015,,0.011498421108908806,0.004447574012871069,0.007761287874332301,,,,0.004724702319961145,,,,,,,0.011836753235644067,,0.0037109321825206996,,,,,,,,,,,,0.0014073178431402071,,,,,,,,,,,,,,,,,
ERR414312,1.0335829330518503e-10,6.836168773208221e-11,0.5199626838806939,5.127870164982204e-11,7.408682266118874e-11,3.1349767605892236e-11,2.6663867031120016e-11,,7.664976052183068e-11,3.080665201294517e-11,2.3565427775049767e-11,4.860506874739324e-11,0.24628640131063562,,6.291710569094586e-11,1.067224989696819e-10,6.6723190096493e-11,,,4.662703422694207e-11,,,2.898485462117724e-11,,9.417073935063847e-11,,,,7.45999125437411e-11,7.697412285515671e-11,,6.853108587293535e-11,,,,,,,,,,,,,,,,,,,,5.748059148061831e-11,,,,,,,,,,,,
ERR414294,0.027714676920090827,0.004314611891597849,0.3877848379395549,0.015764965130962046,0.007847436043641798,0.074717265660699,0.04565361303889407,0.005738872040819541,0.009171654000272256,,0.02851587353105372,0.004697652791193372,0.24628640237503482,,,0.00613187901529742,0.005917485535106157,0.0022551063467998256,0.010870814408103294,0.0032296832769310693,,,0.01348544213425467,0.011463869135358521,,0.0045584929585349735,,,0.0014277102289095016,0.0039461790465051,,,,,,,,,,,,,,,,,,,,,,,,,,,,,,,,,,
ERR414306,0.03672559028678991,0.005120948958311647,0.44193474157951795,0.00979795146039515,0.004040066212368535,0.06026850405207502,0.03493937010152284,,0.016904589540068442,0.01862819967694133,0.024630160908777142,0.008784609522353763,0.2462864013453642,,0.006990649101311005,,0.020249581196446393,,,0.012403835317452747,,0.004698274057053987,,0.06663312266967213,,0.007297922285636887,0.001269000755337892,,0.0011782965967306659,,,,,,,0.06800204501422082,,,,,,,,,,,,,,0.005367432913404738,,0.011901292470952653,,,,,,,,,,,,
ERR414301,0.08863710060928394,0.08439278041820633,0.4464910977406901,0.20330102863582464,0.038284926161785006,0.42190599999951806,0.07303394317225788,,0.038461543708028255,0.027371514485183518,0.03300839609878273,0.045979434536386365,0.24628640128278442,,0.043094357805580796,,0.031022257391730732,0.0061182129394940455,,0.019998217141922663,,0.046249859936953464,,0.03617243222525059,,0.009299201555975382,,0.28465475805165885,0.034003406304245525,,,0.02974129496842875,,0.143309611956301,0.009951719426504383,0.14311876149365704,,,,,,,,0.008148344296787364,,,,,,,,,,,,,,,,,,,,
ERR414292,3.368907689893288e-05,0.00013881994160783021,0.4091090893866404,3.8870610317649635e-05,0.0001300258857104205,9.934203453383488e-06,4.599896587427844e-05,,3.895159014859976e-05,2.36860501509876e-05,3.904163424284002e-05,2.8033776670378287e-05,0.2462867779596605,,0.00011409103949975753,,2.964453075682313e-05,,,6.969801739828477e-05,,0.0005052191129394053,,8.271782273002667e-05,0.0007524878858737557,4.2393200344906076e-05,,0.0001897832287488452,,,5.071122629380903e-05,4.677220661010404e-05,,,0.00024459980078629293,,,,,6.382313078623128e-05,,,,,,,,,,0.00021055193249347999,,,,0.0008319204088911763,,,,,,,,,,
ERR414295,0.03421627821099834,0.00385229775789002,0.4040367219585919,0.007374920723522292,0.004924473183411529,0.027859470722521443,0.01065597289312231,0.006166736109326011,0.008209082987604924,0.034246692546915876,0.0184949216500674,0.04270878660407757,0.24628640128622525,,0.06741918668083184,,0.004713595739805608,0.0008991764164160655,,0.01123154345148681,,0.001073710120828745,0.0011418633560967523,,,0.0035560802929579904,,0.0017255258180077285,0.0019410770173087378,,,,0.015345990536681085,,,,,,,,,,,,,,,,,,,,,,,,,,,,,,,
ERR414321,0.0289830539840737,0.004834089230947922,0.47958866464085,0.04345473712730466,0.09988184245997674,0.23556515221828062,0.11672349504569199,,0.06391293164092784,0.07304034181506126,0.0401075217150484,0.022139286322953988,0.24628640135019633,,0.005668410612628195,,0.010240765870163896,0.006373045558150796,,0.010587640756547877,,0.008366793416236099,,,,0.005176002862281834,0.0036760351623464703,0.007298756110734184,0.025488447282577768,,,,0.002238985273185437,0.014052671102023368,0.004036515701263882,0.007063293695493478,,0.0018703570768833736,,,,,,0.004862671436021979,,,,,,,,,,,,,,,,,,,,
ERR414313,0.01942798634235428,0.004825553397880274,0.14838942092624863,0.014121539429364754,0.05096091997061354,0.02075999769323211,0.012419392532262565,,0.012166295653337001,0.01859017287769322,0.006176192072630451,0.007166248743736348,0.24628896743122977,,0.02903718153781166,,0.004996624450022452,,,0.023875792372134642,,0.0024510502722573813,,0.40863585178813294,,0.005556612993691183,,0.011679566273395931,0.0011999779643252792,,,0.002182999476713937,,,,0.002175981965989264,,,0.005435005202727084,,,,,0.0019562689093233884,,,,,,,,,,,,,,,,,,,,
ERR321608,0.08651239281228261,0.016132285885672726,0.4326545550549848,0.015479844001971431,0.009132727091651076,0.2650401776769703,0.09935021929970914,,0.02292251167242296,0.03796559464500101,0.11894478121218299,0.09224617641070412,0.24628640128343043,,0.0151236349578798,,0.005571366287419422,,,,,,,,,0.006244615970466277,,,,,,,,,,,,,,,,,,,,,,,,,,,,,,,,,,,,,,
ERR321612,0.01234655967033395,0.004154227314491422,0.4408770886728,0.025451456576219535,0.007983712414470136,0.20953460642295213,0.048171408802847135,,0.029557890287072928,0.0466158451137474,0.031591026468372835,0.22547604461244222,0.24628640135058785,,,,0.011833550779588451,,,,,,0.0032079866105167113,0.026233440340042425,0.009263794872025395,0.004746032124460258,0.0034827544540821393,,0.08443112511542837,,,,,,,0.0020118745194566677,,,,,,,,,,,0.021639962176732946,,,,,,,,,,,,,,,,,
ERR414334,0.05252890239296503,0.021971019901031653,0.47735786339456776,0.03007084997768902,0.08030204207755058,0.15024697674189444,0.09819011388861291,,0.03965170391028419,0.07506211356923756,0.07552341612867997,0.01704546198672136,0.24628640132380072,,0.009274221720036032,,0.011289772297589202,0.0024286818574594093,,0.0019801476645739495,,,0.0031433186880333477,,0.010691117328396664,0.0039047222884595854,,,,,,,,,,,,,,,,,,,,,,,,,,,,,,,,,,,,,,
ERR414329,0.0195452583467168,0.005007459098192385,0.4001656830023866,0.011041750983265496,0.004571967844743835,0.10860007394224673,0.03604990112861551,,0.008750168139712003,0.03691965642432722,0.013495320021327434,0.06552724375319482,0.24628640133588886,,0.0023702750274973315,,0.002923267618367291,,,0.002373496340246032,,,0.0027531514416531937,0.014072753644300232,0.01555968474735404,0.00410703784448734,,,,,,,,,,,,,,,,,,,,,,,,,,,,,,,,,,,,,,
ERR414333,0.05151012050709176,0.017589004828939866,0.5193040947357319,0.08118449486916152,0.028000534756617082,0.15976531961625207,0.1049407108880956,,0.06901021242918692,0.09197856812663041,0.15697873640867074,0.025433932209066024,0.2462864014574792,,0.009550988823842357,,0.010913269968567299,0.008572462448206123,,0.003456700766747572,,,,0.0823711310124499,0.015342316615426345,0.006463336390501399,,0.006238438656071913,0.014297289702977006,,,0.015100413087608042,,,,,,0.002666659986901742,,,0.00387970322791498,,,,,,,,,,,,,,,,,,,,,,,
ERR414335,0.0013078875644049338,0.0017139722754663975,0.3113328224963597,0.003051539770811361,0.0009929518431008102,0.04268642078739577,0.0043646813097534265,,0.0029011572034193154,0.012858372582964135,0.011850631301182657,0.0016289108336780503,0.24628593301512813,,0.00281320354589451,,0.0004782764769509759,,,0.0011696927185300048,,,,,,0.0036679269606944196,,,,,,,,,,,,,,,,,,,,,,,,0.0012757953413388182,,,,,,,,,,,,,,
ERR414332,0.028158538241920997,0.0077701343037699586,0.4236482879577745,0.0184833136731444,0.055181253448196285,0.25778560745769213,0.09423808439165915,,0.03775088318585959,0.1372788464231964,0.018456493347990672,0.0108038052033008,0.24628640144457364,,,,0.008708873161135984,0.0027602199959265513,,0.0020176923116445654,,,,,,0.006606144689421563,,,0.03101735980361715,,,,,,,,,,,,,0.001632842625715044,,,,0.0023302406125407116,,,,,,,,,,,,,,,,,,
ERR321606,0.025176988091290972,0.005066933498062675,0.3960331773663295,0.02063609493604932,0.009110981730750296,0.061205382954601505,0.027642271872308267,0.0076478660497150104,0.01378775825232864,0.03864697470622043,0.06538008672374762,0.005545360372975429,0.246286401284384,,0.0036749634345244245,,0.003702711147679015,0.0012527891498153516,,,,,0.0012383925103382285,,,0.004885398738234006,,0.0018555981619350467,,,,,,,,,,,,,,,,,,,,,,,,0.0015480811157412855,,,,,,,,,,,,
ERR414325,0.013337198436368967,0.01590694635780006,0.415302621183677,0.013663925435708737,0.01655748222738831,0.01873739331137018,0.10974684039001949,0.004420978511479167,0.015331143448648072,0.04149467627460521,0.07028641810536598,0.014923500915868384,0.2462864016548408,,0.002240696505737484,,0.003802665362352524,0.0013336654512664061,,,,,0.00871781450812188,0.015412303545501582,0.008883936440442101,0.0034471571648077787,,0.0016833911734802278,,,,,,,,,,,,,,,,,,0.0050321697988477835,,,,,,,,,,,,,,,,,,
ERR321614,0.0230609736263718,0.007215217247062518,0.45056628833772827,0.022175166541647296,0.08204443093839354,0.2505424844850811,0.13865544114491274,,0.016744693161067845,0.03103346118989165,0.04886665116620424,0.053499569927871325,0.24628640128423837,,0.02150547728784343,,0.007983006241159097,0.001572505270903852,,0.0038425257947239983,,,0.01709874743277529,,,0.005466959404277596,0.049701133063725624,,,,,,,,,,,,,,,,,,,,,,,,,,,,,,,,,,,,,
ERR414341,0.0028462532220777017,0.003177788912260932,0.3233976538773147,0.0024694497715960356,0.0005950315721505922,0.01909348079560116,0.004912255076339761,,0.006670064957788064,0.03162162086138331,0.002561666246272731,0.0009004518077810479,0.24628641015333366,,0.0047049055929379155,,0.00430024889519383,,,0.003990680192449848,,,0.005801479228941936,0.005368361637052606,,0.010143533068492428,,,,0.0008528795278974643,,0.003438350335377761,,,,,,,,,,0.0006623200886764058,,,,,,,,,,,,,,,,,,,,,,
ERR414331,0.021702572495794673,0.006752911111339149,0.45220829709638555,0.036883213550351936,0.339115635571171,0.24550197076583682,0.12072739012919714,,0.02795603693448162,0.12871824842786672,0.0831633488778007,0.02163221164893325,0.24628640128378632,,0.03950127145120264,,0.016215579904311685,,,0.015052607383936885,,0.3071236543317022,0.22336944735895434,,,,0.010884015577898578,,0.08057326229719476,0.009135087153724483,,,0.05792831583758399,0.2289714972381533,0.05155950574859308,0.05529151426873378,,,,,,,,,,,,,,,,,,,,,,,,,,,,
ERR414344,0.2832051598080513,1.5324171361273828e-10,0.5051494393565831,7.63710365692232e-11,7.47374058273524e-11,6.458966497564608e-11,6.512048856022553e-11,2.620552827401151e-10,0.03022098361374017,8.224929141365492e-09,9.417462159438059e-11,8.637940376590598e-11,0.2462864012860515,,,,7.339413405456436e-11,1.0651641714303878e-09,,9.41924196764341e-11,,0.04537194794841043,6.948426600526482e-11,,0.02920741930776842,3.328542106472009e-10,,4.1430484114765474e-10,,,,,,0.047458423757397235,,9.864503401234227e-08,,,,,,,,,,,,,,,,,,,,,,,,,,,,
ERR414326,0.027819102408902237,0.00769358924875553,0.4050723368607614,0.011862246163379442,0.004370129272261291,0.05540357648851437,0.04384627766218088,0.0057363452723681665,0.033014038389479174,0.05073313251294852,0.024259264021530884,0.010111585559762331,0.2462864030354006,,0.002808852199931979,,0.003815984242614218,0.0015069981301093249,,0.002906001622767963,,,0.009842843562500057,0.008940044979968408,0.009613781427367412,0.0051405952439195456,,,0.002623929885361704,,,0.004145217956800543,,,,,,,,,,,,,,,,,,,,,,,,,,,,,,,,
ERR414345,0.03050187631760805,0.007551900785795001,0.40846264216736095,0.01609011657739925,0.005579463038937789,0.12671754226129886,0.04989506832057425,0.0102275241533335,0.030363006556440628,0.002661339473780374,0.013140271477510288,0.010322759601783851,0.24628640130681773,,0.002125598226605083,,0.0036147794333022823,0.0014817474841804688,,0.0037264776470472684,,0.002451913349250266,0.01147838420917936,0.026246257028646174,0.014658840586425723,0.006023191599206545,,,,,,,,,0.0013932476437640477,,,,,,,,,,,,,,,,,,,,,,,,,,,,,
ERR414338,0.06374515471257103,0.0018016667272540898,0.4188482600639899,0.029562847666446002,0.008112318810546797,0.02892938493612564,0.04772677445507224,0.012243344317332051,0.011991249698988867,0.04468709353716126,0.018501577692534694,0.015126596397443987,0.24628640129708307,,0.009315898001425103,,0.009902820608729414,0.0036251932008964857,,,,,0.0014669539438937442,0.007346026944949,0.009552151385966616,0.004977021008544751,0.0013375583091552793,0.003874935002897819,0.0013199294765421706,,,0.020395384464986576,,,,,,,,,,,,,,,,,,,,,,,,,,,,,,,,
ERR414347,0.036161767572913846,0.00453436934217971,0.3942339781175092,0.01326612112959976,0.005543628921680239,0.09094931920286825,0.023361596416317205,0.006336472893473908,0.012072023979722587,0.02144815581356183,0.010841927476032498,0.0030868346331599356,0.24628640193565896,,0.006773159034569805,,0.0037274232544027104,0.0009312445551204893,,0.004445241234992941,,,0.0013216644939751008,0.027807565483508035,0.012130469912664933,0.004270946318627261,,0.0033653327537348956,0.0012401634763412948,,,,,,,,,,,0.012964059960706709,,,,,,,,,,,,,,,,,,,,,,,,
ERR414339,0.05314720425219413,0.008516948506810944,0.4376364964791641,0.014619930247982195,0.032181794705283734,0.057986374363393635,0.0403781210495392,,0.02959996253614453,0.055523057750625104,0.04886697810446099,0.010708765036019547,0.2462864012842231,,0.006664734850367172,,0.0036874965195555233,0.002434314087795129,,0.0025932205963061293,,,0.012767488822979381,0.01741692923292005,0.01111946987904845,,,0.010344790930920274,,,,,,,,,,,,,,,,,,,,,,,,,,,,,,,,,,,,
ERR414336,0.008539165542711346,0.0016740323797472866,0.3442735452094838,0.003854257646053301,0.0010365258441185961,0.008942733575597004,0.018240995952465568,,0.007254260567317595,0.05239734522736253,0.006797863821867338,0.01230490199486432,0.24628640128426693,,0.0069017161625206875,,0.0016573293607452663,,,0.0016559815671596235,,0.0013074564882484924,,,0.00938769586032911,0.004501943059448755,,,,,,0.0024278102372629028,,0.015131017568111759,,,,,,,,,,,,,,,,0.0007518766282791002,,,,0.0007330556570126867,,,,,,,,,,
ERR414330,5.0019605821388736e-11,1.8824024272856268e-11,0.644339749890147,2.121315846868927e-11,3.25116818502236e-11,1.499067269836705e-11,2.8349194904895812e-11,7.19136382496113e-11,3.603125885487221e-11,3.265224780951291e-11,3.060356308901872e-11,1.3625268609329962e-11,0.24628640128626264,,3.520146823545133e-11,,2.5556135193601614e-11,,,1.9266757225067302e-11,8.621475891188176e-11,6.149648096756921e-09,,2.370256419848053e-11,0.005665014932553512,1.4322146139224385e-11,,2.1750279794757348e-09,,,,,,,9.083707196644678e-11,,,,,,,,,,,,,,,,,,,,,,,,,,,,,
ERR414337,0.22930096500017025,8.7898142648745e-05,0.6333099716924409,3.884760861167516e-05,0.00028903894042039117,9.07216854397078e-05,2.5821503001641612e-05,5.51938110531531e-05,0.04916513728379182,7.90746809016446e-05,4.110864172275964e-05,0.00013180276696524225,0.24628641192975326,,,,3.8038820285672304e-05,0.0004585513743120626,,0.0003276497786473971,,,0.0008261457560443854,4.5982218735450665e-05,,6.795368968606392e-05,,0.0006631155541639925,0.015136289048019367,,,2.7411468175825665e-05,,,,0.015941591416897893,,,,,,,,0.01487053504593474,,,,,,,,,,,,,,,,,,,,
ERR321602,3.2475703742083227e-09,2.5143300627823272e-09,0.5595108221916769,4.6292712153285327e-10,9.748320177213924e-10,7.495686749909553e-11,1.775984312460163e-10,,6.323539021035518e-10,3.0330743494175497e-10,2.762412665760896e-10,1.6567457203761543e-10,0.24628640218318026,,,,1.3074226671134183e-09,2.039942073485218e-09,,5.30748435641591e-09,,,,9.706678504809967e-10,,3.710246756116069e-08,,,1.3513972641817816e-10,,,6.861456225136555e-10,,,,,,,,,,,,,,,,,,,,,,,,,,,,,,,,
ERR414343,0.008637061777934918,0.00447812996658812,0.3646278393550483,0.006791357513801177,0.004879186310325538,0.05179320318410347,0.02032466428800154,,0.010744816387432493,0.01804020614192898,0.03279860791687134,0.006761336145844267,0.246286421690896,,0.005148914227411948,,0.0029184567021912464,0.0008110470994364041,,0.0014012658397144174,,,0.009846967484495647,0.012487431044309142,,0.0038071157080683147,,,,,,,0.0010713556939613749,,,,,,,0.00722850543984373,0.0009945750728056295,,,,0.0009284505345654363,,,,,,,,0.0012624592458854768,,,,,,,,,,,
ERR414351,0.00990494383185585,0.004790011268999066,0.1800748872856709,0.018728110911246872,0.012378104310921066,0.02901775295127355,0.052414433171538655,,0.012127921278035362,0.008048574301081345,0.014924583960314475,0.02660136573499939,0.24628640162538304,,,,0.00958179466928157,0.0024526918811307724,,0.0038799218111797685,,0.0043710056470943615,0.001369408086150585,0.4008900107974399,0.008102431765254972,0.004987218145351905,0.0014525653784086864,0.0030770183621728164,0.005773092146765677,,,,,,0.001908659573108176,,,,0.005261005254406451,,,,,,,,,,,,,,,,,,,,,,,,,
ERR321642,0.006196952275767825,0.0011312724008701847,0.27355692206536303,0.0026394751234840564,,0.0007209645977777811,,,0.006036006602603069,0.0016553987558809782,0.0011317208742277912,0.0029427957924483016,0.2462864013886601,,,,0.005213380356188092,,,,,0.0009425469409559608,,,,0.00708423670982181,,,,,,,,,,,,,,,,,,,,,,,,,,,,,,,,,,,,,,
ERR260270,0.03427033176017574,0.13133069706188058,0.49694495685128054,0.03543982418984167,0.015612498746884617,0.09022356360142031,0.22550636441081306,0.008137902874141765,0.010175635031434628,0.047130995302738524,0.029725224788160233,0.08606878786369809,0.2462864012841234,,0.14587804192025947,,0.008926575080747508,0.003157929818616314,0.011506367460195305,0.017506355871573745,,,0.013991873486291542,0.06756492174917246,,0.006941680546696654,,0.0063796637754373565,,,,,,,,,,,,,,,,,,,,,,,,,,,,,,,,,,,,
ERR260238,0.009072739454683126,0.01634455983443623,0.22474799727236577,0.017507574532000688,0.009113937677559369,0.35831508551741376,0.020292797092686082,,0.0016634061305538716,0.002082069128131607,0.0955930160064868,0.07173401166329545,0.24628640128718415,,0.024285350277175478,,0.01162068252040215,,,0.018409704266820287,,0.010823775273966212,0.021826150410057633,,,,,,,,,,,,0.3349249614896106,,,,,,,,,,,0.002965381284063797,,,,,,,,,,,,,,,,,,
ERR260246,0.17482681315191875,0.26194849737585574,0.3987728028674343,0.07461183877830409,0.010644387965937729,0.39139172414600487,0.029351084225771054,0.022859694916592108,0.005438851163364551,0.02832272646573476,0.10609974332224052,0.10553332889934192,0.2462864012906847,,,,0.02979133196459812,0.005900460069142602,0.020087707570162622,0.029175519044025974,0.009818514606387552,0.025181579657788895,,0.2036795673238957,,0.040359438998384914,,,,,,0.013020858382504413,,,,,,,,,,,,,,,,,,,,,,,,0.0038404097246803022,,,,,,,,
ERR260258,0.022353398125230746,0.044474879744656394,0.17859087764182763,0.07487111034710354,0.03318601452355883,0.19905541362311877,0.26317254363017656,0.007401572659072733,0.004958063540429138,0.020872086331456045,0.22392636321053608,0.16468147565830657,0.24628640128417092,,0.05598648061055141,,0.009507379224663375,0.013579689361212082,0.02840221430799726,0.039381498314389925,,0.06530345678318328,0.499284302991596,,,0.006560715832907883,,,,0.0036376163814873966,,0.006442568675609132,,,0.017074403657259644,,,,,,,,,,,,,,,,,,,,,0.004237166451681609,,,,,,,,
ERR260231,0.024041321225582665,0.12209803850891714,0.4734909076854083,0.10453363165667574,0.03263747027159458,0.23340926381190438,0.22097812530044317,0.009417689304713235,0.01689403223729609,0.016072110503619622,0.05491332552672935,0.27620612635964337,0.246286401461148,,0.06128164762330507,,0.013084621745875944,0.006851436339794531,0.013009167408329546,0.014668135551638154,,,0.044780960509794604,0.15242080903980174,,0.010031081664849346,,,,,,0.00454976690658795,,,,,,,,,,,,,,,,,,,,,,,,,,,,,,,,
ERR321634,0.05117142990245792,0.007276615932094358,0.34512466441436057,0.03432430401880953,0.23699797370025116,0.1635047893457459,0.06784221700000545,,0.03371537991695526,0.022448252476771534,0.09707626224387371,0.41530479241110957,0.2462864012839216,,0.0055061853578759245,,0.008601594688635123,,,0.0041465347665351725,,,,,0.008342138373821022,,0.06580104815208589,,0.0604147244111347,,,0.004676228308041401,,0.011875118136754159,,,,,,,,,,,,,,,,,,,,,,,,,,,,,,
ERR260275,0.0097962487129671,0.034588104675131216,0.20481657616069388,0.06928574905080183,0.026773013643712963,0.09572258913214735,0.3126045855555258,0.007962048865371775,,0.0039623153628796145,0.0651156859775923,0.43160436099882643,0.24628640128403803,,0.05362629344771109,,0.014282654886544188,0.0065648275536929375,0.011887593344420262,0.029274484903029984,0.005497496585198571,,0.017571678818764466,0.0256490464553622,,0.005056227514649663,,0.0067272484886823445,,,,,0.0037243498069046217,,,,,,,,,,,,,,,,,,,,,,,,,,,,,,,
ERR260244,0.05613565516415546,0.1645108935619135,0.13728036326183524,0.1350112700390378,0.017449810981398695,0.34806934482639407,0.06528180128620882,0.008754108517012365,0.0036264001289787406,0.0037395483053170677,0.13206517363149062,0.32307820599339065,0.24628640132308954,,0.02697594721799477,,0.01862136637140408,0.019315342026899354,0.05366620744363343,,0.020261351412976174,,0.08013108917310757,0.4367781839554693,,0.011964393952238236,0.003250653801113181,,,,,,,,,,,,,,,,,,0.006370244189629678,,,,,,,,,,0.00651167941998138,0.011685381274192863,,,,,,,,
ERR260235,0.004434609958284424,0.08484256551534125,0.2642439710883216,0.06997204564906706,0.03682685894748773,0.06378782078856857,0.08626687245168883,0.009027925141024283,0.0032994116768966424,0.017159739908368245,0.011585105082524708,0.46073995832941717,0.24628576233003768,,0.3173009812459366,,0.0075708852858072575,0.0044003415567007995,0.021092201142668566,0.020629045276150625,0.004544437610827506,0.003932168937956483,0.11365449890818943,0.14320537341372142,,0.006597959065135381,,,,,,,,,0.010412259872567421,0.03187532838963455,,,,,,,,0.007068926667907335,,,0.015612839135857084,,,,,,,,,,,,,,,,,
ERR260250,0.14390029251469583,0.02031951399608282,0.4784939905984443,0.0456664345988812,0.11608277214938174,0.07923895502462257,0.05310673929638244,,0.017690292840985354,0.029868345506034708,0.0499839495160709,0.055008597086622986,0.24628640266069127,,0.011436436601143928,,0.006175464190087233,0.0031025599121678625,0.009680030834297523,0.0035053226235578694,0.0045648983823898285,0.003441644134418831,,0.22860045519439315,,0.005371300916281169,,,,,,,,,0.002645314020113602,,,,,,,,,,,,,,,,,,,,,,,,,,,,,
ERR321616,0.05211948890820728,0.009026228096687135,0.42478589225804747,0.01697995879545977,0.15086078775610207,0.272154339569198,0.12344950812059453,,0.02808608569077181,0.028507911590128776,0.0273423374955724,0.05953206707398082,0.24628640128176713,,0.012276604824352331,,0.007152867258167861,0.002438359471861516,,0.0034154724830632167,,,,,0.010700843589224044,,,,,,,0.0038700867639677367,,,,,,,,,,,,,,,,,,,,,,,,,,,,,,,,
ERR260251,0.025339469251620134,0.02675581587855035,0.5194544060288476,0.07194086182673712,0.07512171247201155,0.17898480187956659,0.11221795349701096,0.006159452587752734,0.007659157517336508,0.018927596825664295,0.06529516147472023,0.12802277656517347,0.24628640131861734,,0.058658279090571835,,0.008102792083665942,0.005778195640141656,,0.027140157260543012,0.004356819093587177,,0.04210301728830826,0.014013216873113186,,0.005353835440671405,,,,0.002943373895940855,,0.005343987202624087,0.040922323026274236,,,,,,,,,,,,,,,,,,,,,,0.004703316853468946,,,,,,,,,
ERR321631,0.2677976672380716,0.020639673907882704,0.41365415570447633,0.052997209161955064,0.007690142217659174,0.09956116687885168,0.012973426885004202,0.01516290905522124,0.019332701120230594,0.008220896095901367,0.010388805712812862,0.05038784999946382,0.24628640194300153,,0.007544722041224089,,0.02953891566900352,0.006601963455908707,,0.005398052253155477,,0.005636638029563377,,0.009023227600301633,0.013365015297489817,0.014816296531303423,,,0.0016884449260928568,,,0.0027019223637664014,,,,,,,,,,,,0.002458871079930712,,,,,,,,,,,,,,,,,,,,
ERR321640,0.04424548700073174,0.013627033647196371,0.3060537303412263,0.16680265821316934,0.2845370463934431,0.4393716522678434,0.15125138728473922,0.008497192484340998,0.0158006145059247,0.07626730071899324,0.052973971020071134,0.1684165299460229,0.24628640129412777,,0.014481633836352337,,0.03246225253561615,0.0062864355144010425,,0.04000869048826244,,,0.004006577092849329,0.011161710206447652,,0.010601380253997948,,0.006731399890963742,,,,0.018779306385173906,,,,,,,,,,,,0.0043513952876236385,,,,,,0.009123667289601702,,,,,,,,,,,,,,
ERR321619,0.04689313306165851,0.024663707690215177,0.42358732299033197,0.11110595676950727,0.06133253211086562,0.32417367101416705,0.34439302741700917,0.016895341474913953,0.0775248888968532,0.009933696260256725,0.18610615060521934,0.06474117316208991,0.24628640128506632,,0.03090299405741356,0.02675288780643506,0.019440353771263023,0.009089709470638155,,0.010334095540643698,,,0.010095551211247774,,0.016347664977984976,0.0070782322350373345,,,0.16017585728968342,0.004379770758814572,,0.021231656197083334,0.0066065881272414275,,,,,0.004477852437353455,,,,,,,,,,,,,,,,,,,0.014090827439462966,,,,,,,
ERR260245,0.03882612823292496,0.0634629154784341,0.5330409901118832,0.23483727424931913,0.039189525656640044,0.23126212595131165,0.19231636475744168,0.006231638468861162,0.02818550447140182,0.05045301113448799,0.040238196776783114,0.1383350924266696,0.24628644024778937,,0.08581359197924296,,0.0109238804808196,0.007621909985172818,,0.0407121216415979,,,0.03110132781419342,0.046551338250024756,,0.00587376138794582,,0.061340482841395434,0.011750707100322865,,0.00956840269334369,0.018673293129052502,,,,,,,,0.008162212293920891,,,,,,,,0.0029589265383116715,,,,,,,,,,0.006283287040586247,,,,,,
ERR260261,0.018025330514239428,0.012892867444781936,0.40595949221380984,0.022238428804670255,0.011005114958846512,0.23435894028551715,0.01284992105219419,0.0077881308143038334,0.008600035034270577,0.022176924316431923,0.030341665252591524,0.10756912745948755,0.2462864012795409,,0.008154230159315023,,0.03003077609229809,0.002159144108582111,0.012979778287983018,0.008105946262556714,,,,0.016744321271825877,,0.004976905329991173,,0.001487685932366303,,,,,,,,,,,,,,,,,,,,,,,,,,,,,,,,,,,,
ERR321648,0.026569066992086603,0.0031237134649102663,0.40510445000252676,0.010805393587328202,0.005023351145154362,0.08669376713037712,0.05082558166036968,0.006175537482917585,0.011845152577558077,0.0293983842757612,0.03294638337718262,0.005571104489882773,0.2462864332567708,,0.007046553939732928,,0.002756593425248186,0.0013900531076275634,,0.0015846361291169766,,,,0.009587464890102084,0.01079402595695019,0.004403872168856663,0.026198864116012868,,,,,0.0022361425703305154,,,,,,,,0.009912668052788476,,,,,,,,,,,,,,,,,,,,,,,,
ERR321627,0.01907039842931425,0.006839899845706724,0.4099282223066947,0.02399468779293877,0.027825636891927373,0.027771368484256258,0.044940018024162615,0.005610438202545313,0.010846609609763937,0.04383118542782994,0.031521413287595855,0.00907260433382577,0.24628640137253724,,0.0037003969374274277,,0.007499908415573218,0.0013576155231472035,,0.007065489594167641,,,,0.01224164584783956,0.009955066396316218,0.004689334155489105,,,0.017096986263621824,,,0.0068375442480109105,,,,0.003320337127379038,,,,,,,,,,,,,,,,,,,,,,,,,,,,
ERR260276,,0.1973368413012747,0.49130606970517765,0.16346967050032685,0.00834245711785913,0.2479822547745524,0.008896901717589195,,,0.05627459186886202,0.023793839568332743,0.074963611500648,0.24628312584975945,,0.07562489260149831,,0.1602240512821029,,,0.0462202947247649,,0.01898435501696427,0.21601726489258732,0.011717425448149951,,,,,,,,,0.02431881202983905,,0.01759363849590307,,,,,,,,,,,0.004643089772428261,,,,,,,,,,0.011574568272928368,,,0.011791311289206434,,,,,
ERR321628,0.011084150889595022,0.005357688272428769,0.2324828143207109,0.06189032627301462,0.05211739264596569,0.20967271017478142,0.1839127826968886,0.01120350275807428,0.03358788222917473,0.0749440296515453,0.09168521525449491,0.1368477802502987,0.24628640128409973,,0.08120894381579799,,0.015584176759103336,0.004555949932939742,,0.03895652557653416,,,,1.1548329708288447,0.019641576789242225,0.010082440876874077,,0.002996701161430919,0.010696932232422048,,,0.05490229899511284,0.00663383830278318,0.13380116118720045,,0.09865684010808964,,,,,,,,0.0033166799042827814,,,,,,,,,,,,,,,,,,,,
ERR260230,0.07562624684666656,0.04571687289426468,0.4875856262508721,0.036653471706117435,0.017472235905433144,0.22270376926001886,0.03015582104479368,,0.020873730904485625,0.02534916502267273,0.08397731465481076,0.060486443217371504,0.24628640128912657,,0.00638324219885686,,0.005200521233992461,0.007616978083742901,,0.0024843517163724294,,0.04388558721114793,0.03183556239088017,,0.00879855756742988,0.0039026174002283615,,0.052609889206425925,,0.002518861804174493,,0.004313761847856985,,,0.011053733391367813,,,,,,,,,0.002146752963014394,,,,,,,,,,,,,,,,,,,,
ERR260252,1.9151207034579883e-11,6.918047614950239e-12,0.016063404490378085,1.7467509888451446e-11,1.8815104235938643e-11,1.1382797389582018e-11,9.714824980958997e-12,9.07083973401881e-11,5.16028676446158e-11,2.6753929442663373e-11,9.67045875904737e-12,2.6552430044626875e-12,0.24330881297543278,,1.3232707387694208e-11,,2.9939302584602124e-11,1.6083117928062116e-11,,9.429371948711594e-12,,,8.741572458631788e-12,2.0576794889566243,3.6836415986572385e-10,5.7411254632291974e-11,6.643244186485934e-10,2.0725941075076863e-11,,,1.3636945550239649e-10,3.2566837149338645e-11,,,,,,,6.77081611096999e-11,1.3150622849201803e-10,,,,6.478667070864422e-11,,,,,,,,,,,,,,,,,,,,
ERR260177,,0.1383519898128904,0.06791202079674646,0.15400803417299114,0.02366168970150982,0.4331361570779091,0.10868501067312741,0.006548673154208169,,,0.16538324240103452,0.19152097785282424,0.21882197436201287,,0.09654119890462064,,0.016494678982846876,0.005672641800490868,,,0.007251252493893679,,0.12025615692820313,,,,,,,,,,,,,,,,,,,,,,,,,,,,,,,,,0.003538059658721256,,,,,,,,
ERR260167,0.0008417432449966314,0.01756027569441293,0.35645584010252457,0.012972298962614676,0.0017051208370248295,0.1348928849311712,0.013971273558682828,,,0.018835602625146216,0.02724098026954967,0.014941981136866768,0.22893957909553245,,0.007005560432644795,,0.014271997573012724,0.0013320187307447344,,,0.004790692020390013,,0.0083876910410794,0.00820746836661745,,0.007090710144903048,,,,,,,,,,,,,,,,,,,,,,,,,,,,,,0.005398821195640801,,,,,,,,
ERR260154,0.021278026228032956,0.029586220463578193,0.2356584877517758,0.056874733009790776,0.020261011978796588,0.40327369563757426,0.12220001301453982,0.012763365047514904,0.004011504902376548,0.02143729720403986,0.03971962664824391,0.18147758621335494,0.2462864012855267,,0.26511951529136873,,0.01884859960990075,,,0.021140990314892104,,,0.3308749949829701,,,,,0.002889118048105806,,,,,0.1232119513423554,,,,,,,,,,,,,,,,,,,,,,,,,,,,,,,
ERR260172,0.004214534027103615,0.02677379242867371,0.25465270545754315,0.07206884215245495,0.01776722747176739,0.1843599660899778,0.4694077548421232,,,0.012509723184214215,0.21651617055932226,0.14383404745532855,0.24628617471234457,,0.0688945104300623,,0.004246405003168777,,0.012310146776638107,0.06481433202342617,,,0.11044965798219081,,,0.004602136065994723,,,,,,,0.015981009769484286,,,,,,,,,,,,,,,,0.005096525819116182,,,,,,,,,,,0.0025083763975742917,,,,
ERR260142,0.0620868885341542,0.09903411095123783,0.19558585111534163,0.06976194743174245,0.24317880223168184,0.1392466028852361,0.07387455936004979,0.013282709529460347,0.004961795598437765,0.015106336544882547,0.03616395544499209,0.09235774505783953,0.24628640128758636,,0.45521988828869475,,0.024778781467228884,0.005201157852269645,0.020002614684593408,0.0670346906301508,,,0.3566018994292595,,,0.008673781973253402,,,,,,,0.04299167194172514,,,,,,,,,,,,,,,,,,,,,,,,,,,,,,,
ERR260173,0.007299045640766625,0.08093259956006671,0.2255062763501174,0.10751462516449073,0.040852200318169336,0.16483095812646611,0.18805071278500418,,0.002850885972766468,0.01729152228689259,0.03777718135719153,0.05620004902974392,0.246286441075655,,0.5367613440298075,,0.011625896693675348,0.0038999439547070954,0.015544292526130378,0.13383801445641277,0.005402959260460202,,0.05381495456131298,0.03360764300795214,,0.005836481715553152,,0.12687345720396698,,,0.013693118522288808,0.018215848978649446,,,,0.02494956416744972,,,,,,,,0.0033556989282634226,,,,,,,,,,,,,,,,,,,,
ERR260161,0.005795354649940791,0.19310196373596397,0.05856167473633938,0.03793077118558321,0.016731430493541814,0.18434111675358153,0.01766466572407711,0.0051409490943782514,,0.0016657239355944023,0.1124826827098757,0.4446683659390178,0.24628640172213198,,0.032406325049435726,,0.007372825886168293,0.004567833772347227,,0.011550255513687229,,,0.04474693892345068,,,0.005416538207400482,,,,,,,,,,,,,,,,,,,,,,,,,,,,,,,,,,,,,,
ERR260164,0.024512482486672385,0.027966229183769113,0.3986140907802648,0.04351667289463509,0.04662345420477016,0.3692886644604745,0.10855228714306445,,0.002270473456281759,0.042849201578053546,0.0528477266051498,0.06788788077714145,0.24628640128312823,,0.034591645860560856,,0.00842009238579197,0.002077382414949476,0.01932815324381867,0.03116829604031528,0.005874910006983996,,0.006179700814629607,0.00894859145404315,,0.02981098886752685,,,,,,,,,,,,,,,,,,,,,,,,,,,,,,0.00203470079002348,,,,,,,,
ERR260152,0.009065743835025475,0.0803894593276775,0.10231535194596508,0.21267163642377016,0.06250252890097173,0.5167426033318941,0.27738408595327585,0.01043972940181192,0.008230001997512885,0.0027490426204291075,0.08050043488306356,0.1207551050473278,0.24628640128419294,,0.05151389380556572,,0.025545613823437098,0.012872479401540187,0.012979206521569177,0.09528895520197393,,,0.12142712368873111,0.024439785590352668,,0.005209685571473017,,0.058781422620956425,,,,,,,,,,,,,,,,,,,,,,,,,,,,,,,,,,,,
ERR260139,0.002197550215127335,0.12179577191550771,0.028304332587137427,0.0695532111996646,0.0654812411430231,0.44433129777698643,0.01400092544333864,0.007001927375226741,,0.002267843698577832,0.02427651561481806,0.08397699590715547,0.23553593870766337,,0.17140737913146134,,0.01047922161637403,0.004921422932951776,0.011500832636299627,0.03492136625730909,,,0.006871408266571509,0.014597883755809208,,0.00522527964387849,,,,,,,,,,,,,,,,,,,,,,,,,,,,,,0.002481140518171956,,,,,,,,
ERR260151,0.024348738293975353,0.06419920951256532,0.5096178638372425,0.10540600205831693,0.0728759720618956,0.33866837642330844,0.09816425798907924,0.007110605844536744,0.02800815587273975,0.06064820127618434,0.11048518050560101,0.09512638730639045,0.24628640128341123,,0.017545449786794072,0.009181869782154245,0.015239944439316897,0.030738465235634328,,0.01165199672345292,,,0.005897468224974845,,0.016693942641658414,0.007256401542548099,,0.05971025970709724,0.028249868554394715,0.01391253226960304,,0.003026628233876362,,,,,,,,,,,,,,0.05664588896294008,,,,,,0.018799786029461866,,,,,,,,,,,,
ERR260181,0.010621684015523703,0.0345720719690575,0.43436078479566115,0.060985723578511605,0.009339064889060101,0.08251936618544047,0.07766308177206072,0.006923636600292752,0.005119893003092559,0.007611771853850341,0.2276830655396616,0.03958112546324424,0.24628640490026232,,0.005177134716483394,,0.010724975895117596,0.0018302759101913517,,0.014817604488700115,,,0.03006759191911449,,,0.005804466132146601,,,,,,,0.00321572168963127,,,,,,,,,,,,,,,,,,,,,,,,,,,,,,,
ERR260180,0.006807604406139358,0.10753006087683395,0.016175738751155543,0.1946407789316956,0.41001915123062527,0.29556400790507875,0.1930281113573983,0.014631580396296414,,,0.09337746852020784,0.3747799517307112,0.2462857456353702,,0.10749833408907788,,0.03468942079327183,0.013548774474362606,,0.16920398759853042,,,0.04831205935596077,,,0.005322416987719178,0.01139078726690906,0.031002053310713446,0.0033814981957107026,,,0.004075543176348164,,,,0.006445213216732583,,,,,,,,,0.00464961787607274,,,,,,,,,,0.03776255905563147,,,,,0.003849978522335079,,,,
ERR260140,0.015241646854221191,0.04798636090382105,0.45161030240868166,0.03465153811950664,0.007339503887664638,0.14213015903356968,0.035694292723787206,0.007115147569061454,0.008682070720434447,0.046101497058756276,0.013792284892644014,0.08608169377875528,0.2462864013183265,,0.011475386326747387,,0.010926847914788837,0.007385273197799932,,0.016292954257450466,0.00591300930259385,,0.011506592647871166,0.00855004964775108,0.011171968272765292,0.014154130887096442,,,,,,,,,,,,,,,,,,,,,,,,,,,,,,0.0052202455913061075,,,,,,,,
ERR260150,0.032439317298291345,0.4405892770816959,0.2813021271823078,0.15277837440934366,0.030028538281376225,0.07622005136560907,0.031193865307527737,,0.004772242791455961,,0.015564846673252974,0.11500400508466792,0.24628640484277334,,0.03375405431887007,,0.010261089109814084,0.004812057912435909,0.008721704291138638,0.006715548164484378,0.008240720960403845,,0.017006344942596844,,,0.005364664953398988,0.006590733940875292,,,,,,,,0.001833472882178679,,,,,,,,,,,,,,,,,,,,,0.03123782600040211,,,,,,,,
ERR260158,3.2777617537598973e-10,1.4262704564917075e-10,0.6437149631396814,1.1657239113327232e-10,7.154940990469345e-11,1.2705292039231697e-10,1.169960620454068e-10,1.200195734499099e-10,2.2396966003567856e-10,9.570252580178456e-10,1.0481546870061483e-10,1.0454627279799186e-10,0.24628640131005827,,2.142401335297627e-10,,1.8318298372311326e-10,1.803348247393198e-10,9.269724536422865e-09,1.7116555404127137e-10,,,1.6131570268007518e-10,2.6233807700355733e-10,,2.1639585249242032e-10,5.499706191951672e-09,1.1661373733994694e-10,,,,,,,,,,,2.010121121888777e-10,,,,,8.631271849960825e-10,,,,,,,,,,,,,,,,,,,,
ERR260138,0.020098685676799358,0.3530943364379896,0.04468134899840527,0.2212931784301254,0.026042116434342576,0.25581866611514814,0.047742479886695624,0.00690995626232922,,0.00403149917592128,0.029333387234847175,0.4471864546436468,0.24628640128487403,,0.16081799034519884,,0.027094098877268366,0.017190881381513746,0.01520142253436963,0.10090900044577049,,0.004758225210564825,0.02061567533668623,0.05969303259708157,,0.00844391865566007,,0.09247453768463706,,,,0.00571539120982773,,,,,,,,,,,,0.0033221761599699917,0.003454199057214938,,0.0037158444326663076,,,,,,,,,0.019227034508047247,,,,0.013827598094097006,0.009661975658284548,,,
ERR260132,0.005086488947093854,0.009454521372074243,0.08400323997801641,0.022999138257585285,0.008837921156121434,0.41223975497532567,0.055479876414861067,,0.0018279396030594125,0.0028020486723880854,0.014328107968580663,0.01864292379500528,0.2462864013880784,,0.10313232327678525,,0.0033156825027899892,0.0009627954894896104,0.008720532723794642,0.01568175710495257,,,0.016964763390928506,,,0.004485984340363598,,,,,,,,,,,,,,,,,,0.0036742830841857105,,,,,,,,,,,,,,,,,,,,
ERR260165,0.026524541928512627,0.025659673276639323,0.4159609858706865,0.21611037231470642,0.041058846474494134,0.2337335342450765,0.3911510481569119,0.008115713460293442,0.004629288674164446,0.030709261180904283,0.05786339544040971,0.05341884439704746,0.24628640134990334,,0.008625558513209534,,0.050712310939916766,0.004755207134874281,0.030557388484837744,,0.011635733811815189,,0.0142890347681952,0.07626662393901873,,0.012586291528820294,,,,,,0.027890800256611618,0.04627232829998183,,,,,,,,,,,,,,,,,,,,,,,0.021145738547821265,,,,0.003337267937852625,,0.02739455011019831,,
ERR260166,0.056402673720840915,0.038486920137327775,0.4912302012671787,0.08244976246747314,0.03386056046759722,0.1826983431124697,0.031043326085992123,,0.014335261413907714,0.017452058100714547,0.03975875965065903,0.03371858142143602,0.2462864013160138,,0.002344484825888655,,0.0077934366679861655,0.004325063623816055,,0.03056922774671072,,,,0.18395746798918494,,0.007634434186903444,,0.08789177937930469,,,,0.012005417861235363,,,,,,,0.010515585156386382,,,,,,,,,,,,,,,,,,,,,,,,,
ERR260162,0.021671558621943508,0.03340374830516666,0.12141430555524997,0.12035544282850083,0.1742752758796587,0.44769874300879947,0.08103580534013613,0.007702692337505472,0.00436547881139913,0.005570802179537955,0.08913669483051108,0.056818719188427506,0.2462864013037094,,0.024451555661987468,,0.009187765040334143,,0.009476363928653468,0.015734384002469046,,,0.34551491012392394,,,,,0.009715597270124967,,0.00906931711643355,,0.005595175551593151,0.045725530699351466,,,,,,,,,,,,0.0025898628024429602,,,,,,,0.002327600999165052,,,,,,,,,,,,
ERR260134,0.003233862033981995,0.012465500050957028,0.14061691741378599,0.06942510247007716,0.01044878732313865,0.012359725644105514,0.004144186852173919,0.00941102135404785,0.0016144813383849555,0.0015671059319380916,0.003499916714309709,0.020148317424458977,0.24628629435394536,,0.030672126615452683,,0.006871836501579688,0.02052040878421334,0.01703306936901249,0.07305284073240802,0.008070355808411736,,0.4472104491632373,,,0.008844078910055318,,,,,,0.002187185451703893,0.04637708800614946,,,,,,,,,,,,,0.005080233376209768,,,,,,,0.002648865729522451,,,,,,,0.003155865438967052,,,0.003934410973248686,
ERR260174,0.04805671029012316,0.010365145147287048,0.2598597879657101,0.028036064307551265,0.021861947224889714,0.0708769594907473,0.2143794180508833,0.00748132401389019,0.006788001734069998,0.02734687694673516,0.02718798293443357,0.4413962891116151,0.24628640128645618,,0.0028932466421019423,,0.010967390499366445,0.006528233823583441,0.010519031223225216,0.0075151049807801905,,,,0.05905268497477903,,0.007546102789875725,0.002212347869010277,0.01884260822435369,,,,0.012476090064263038,0.020745280294550077,,,,,,,,,,,0.005051630505846046,,,,,,,,,,,,,,,,,,,,
ERR260143,0.02645446269642409,0.09033640700567781,0.33471792348670387,0.1271100587756235,0.43826503509295966,0.23427431896780698,0.010216613090334196,0.013001154611662645,0.0030408217346408217,0.026190423163224508,0.030343249112287442,0.05200359310659387,0.24628648601102213,,0.0877131092269858,,0.013121425764640818,0.03149362483096366,0.01548373024382031,0.02830615720452493,,,0.007937896414087719,0.2519292436965454,,0.015079674979031713,,0.17880022350514377,,,0.018391782812775318,,,,,,,,,,,,,,,,,,,,,,,,,0.003188987712046303,,,,,,,,
ERR260182,0.028706715962029627,0.020950525474078985,0.4907046889002753,0.03448781319032537,0.026042305513180486,0.10985286255494739,0.06626790183174294,0.010290465735308178,0.008592063604152692,0.029664224560197974,0.08156756904577006,0.16289780055625264,0.24628640128392545,,,,0.0148757230518301,0.0023846488697058534,,0.055792119919265824,,,0.19908153873362247,,,0.01513331987358026,,,0.012057191544551312,,,,,,,,,,,,,,,,,,,,,0.012463780401091754,,,,,,,,,,,,,,
ERR260199,0.12644306131105518,0.014833454863041018,0.3730403118415135,0.06793962278844777,0.2704761463338321,0.33708822791470755,0.18897349809001646,0.021393347230107877,0.022576828923670373,0.09614422389225166,0.024994013981446777,0.05174164785493498,0.24628640128345056,,0.390154540842922,,0.01645518347471665,,,0.1278499016363208,,,0.01138990089927899,0.11009263380420226,0.020916826426469734,0.013365615545531928,,0.048252075749650895,,,,0.030283224120652135,,,,,,,,,,,,,,,,,,,,,,,,,,,,,,,,
ERR260222,0.02754130543296203,0.020382773159720282,0.35070556876930953,0.01115218353202356,0.0012219290860871674,0.012779126610293892,0.006656579676981932,,0.003142564319664443,0.034089265226448937,0.010497413875452886,0.020934328024494065,0.24628640168033666,,,,0.0019667504277282024,,0.00953569326070765,0.005012637634077769,0.0032356673461812454,,0.001340138030754909,,,0.004126181519011711,,,,,,,,,,,,,,,,,,,,,,,,,,,,,,0.0011155760560136719,,,,,,,,
ERR260198,0.045555376494330294,0.38036309851316635,0.2976259324775182,0.11801273569866873,0.027959855339641494,0.22466653202600678,0.2738729778782485,0.012862070200300722,0.006776019983746798,,0.09746951521887452,0.37072569956355156,0.24628640128326723,,0.06137736009867063,,0.01437759044400202,0.014771026850276888,,,0.01719682195858908,,0.12841088082441868,0.09421341912755057,,0.016504397200569614,,,,,,,0.0059599468134751196,,,,,,,,,,,,,,,,,,,,,,0.0037632602150318925,0.042637902101363735,,,,,,,,
ERR260214,,0.44948377168586295,0.012987227675105127,0.10905291976171545,0.008350115835765623,0.08238462395095511,,0.006739502355181405,,0.01970687366914169,0.007517986047162421,0.0711990244794634,0.246285638742453,,0.03141506316927401,,0.14310330611523048,,,,,,0.2626072898910889,0.2133657012128636,,,,,,,,,0.01731839048956219,,0.0019717738016736775,,,,,,,,,,,,,,0.030355980522864562,,,,,,,0.00482005517818474,,,,,,,,0.00804195712781943
ERR260195,0.011033416185700855,0.1677901001853508,0.3324016672348306,0.2304292815070972,0.07672702022407853,0.3087213994259667,0.4144184041275635,0.009157637687431068,0.010273076570589481,0.08869583703606715,0.1901966031748278,0.14753462670803086,0.24628640128269808,,0.09208666430615886,,0.05853047326466538,0.023827893885646576,,0.05129418266577387,,,0.025144770744923627,0.011360885547456461,,0.006955606127899392,,0.29035044466854454,,,,,,,,,,,0.02971401724376655,,,,,,0.0070886645233265095,,,,,,,,,,0.25488360639828345,,,,,,,,,
ERR260223,0.02503010676821234,0.039623534135197605,0.18841555237798988,0.04813859413802437,0.014896874057038446,0.34709741707507874,0.05655365823714563,0.009078014026070067,0.0029071136288671274,0.007263224490779506,0.05144632027904875,0.22520586923596342,0.24628640128467724,,0.35523041725732196,,0.0030306934713533887,0.0023671986427544834,,0.013516741912158051,,,0.003647649328528735,0.013613155522758368,,0.007257130996120434,,,,,,0.002614672779817208,,,,,,,,,,,,,,,,,,,,,,,,,,,,,,,,
ERR260194,0.021657985328535686,0.04710858157863645,0.11214491598844238,0.13636258819979957,0.05522628049315983,0.48025074951055285,0.10517642736332701,0.009045105224669668,,0.02794573501248686,0.03429803288336183,0.28976661257537306,0.2462864012990319,,0.19832411609244738,,0.014169495290750149,0.0030780609791180675,,0.22578456472017755,0.005566652175026084,0.007093245552432925,0.00735686239022985,0.010735748692917888,,,,0.02821314879836061,,,,,0.032161434695165206,,0.002843192487193546,,,,0.008808787113703483,,,,,0.0024063623617405715,,,,,,,,,,,,0.00665533064953252,,,,,,,,
ERR260186,0.147968346031024,0.03574820023400497,0.5346709904773549,0.2391716810563077,0.2908998153922856,0.14204308706782706,0.2331637637398392,0.02079409149330412,0.04568342611173685,0.06700044675333555,0.07875921307895019,0.17656590339344605,0.24628640601574814,,0.12385537618156287,,0.022920742254578904,0.012747067164833141,,0.06376258357375143,,,0.1391517653303892,0.23186663288513518,0.014720480377468996,0.011151353006106946,,0.11254217151478177,,,,,,,,,,,,,,,,0.010115093058230992,,,,,,,,,,,,,,,,,,,,
ERR260206,0.17019841996638135,0.0924381645561283,0.5730465183237734,0.11057426448519989,0.06474790646298975,0.22919234043085246,0.2386509825972574,0.00964817604560539,0.04527458257573933,0.08328056834413716,0.08407539789049262,0.07618679992442168,0.24628640128596407,,0.06433087679744792,,0.02393016853292092,0.011786844593657858,0.011916704017850499,0.08264180511410028,0.004989703142557591,0.01211603365476083,0.05596640448917457,0.012517584036918043,,0.008110949493773015,,,0.02839895267801086,,,0.03351076416007726,0.047055273662377974,,,,,,,,,,,0.0037174484911401953,,,,,,,,,,,,,,,,,,,,
ERR260200,0.11053821373460654,0.3634541192587166,0.23805840553634244,0.09307217320570836,0.474097518614078,0.2224005923329164,0.19266690659640312,0.009227259137418745,0.012577321058218549,0.0355631960987286,0.0440002080603385,0.14223755986789124,0.24628640145211148,,0.036577685897812746,,0.01674461784623496,0.008156055237939963,0.02352453553164116,0.057676444034302096,0.007582128960932782,,0.05642113401743591,0.09830101755185579,,0.006010248956739035,,0.03564070172721192,,,,,,,,,,,0.013628461474042388,,,,,,,,,,,,,,,,0.0030669978495654103,,,,,,,,,
ERR260185,0.02308318181476354,0.23476158327955268,0.19096426629436766,0.4632747541393057,0.03316111450900244,0.11479920925992733,0.2151706337443101,0.020715049465199305,0.003293127118826402,0.06054790284387196,0.04669334150515034,0.3673177039880129,0.24628640128393073,,0.1508106565750154,,0.027365465527103172,0.028490589604156746,0.022714079549150872,0.1847836991521763,0.012474973270622842,,0.01657944957699586,0.0485489345306016,,0.01731793409391825,,,,,,0.024542824691130033,0.007073909558104945,,,,,,,,,,,,,,,,,,,,,,0.012227382136891316,0.00563780484031438,,,,0.0033894951178353133,,,,
ERR260227,0.010569728972904532,0.025135585333696326,0.03835651779306837,0.1610461201646018,0.05040490034107955,0.5629236192198781,0.10795442288865177,0.01268541483615498,,0.007992254774324591,0.11280225066701804,0.13671698069377305,0.24628640128513146,,,,0.027217293632901953,0.012423130719506797,,0.051410669519325,,0.20475640119322955,0.05476103004287554,0.129476256174177,,,,,,0.009152601217619814,,,0.005373085392581097,,0.054367468190576605,,,,,,,,,,0.010052607004095031,,0.09672011337122881,,,,,0.22120159166962577,,,,,,,,,,,,
ERR260189,0.24467290252177418,0.11098752125832603,0.2272570179474112,0.1240187390333448,0.05863069056499557,0.5468449044529976,0.0724390891200014,0.010497380304770874,0.009077949361529038,0.0036887880226603915,0.09569378488606527,0.13993767121557055,0.2462864012829019,,0.14375289214847697,,0.014791655023660045,0.00837875213583743,0.024679844489627976,0.0715606956423411,0.026966308264017528,,0.04326826229557107,0.016927513959010876,,0.010049001806891816,0.003336700573655429,0.07702253101907583,,,,,,,0.005988805093549471,,,,,,,,,,,,,,,,,,,,,0.006814435229862921,,,,0.0028687992510563645,,,,
ERR260218,1.3905682738394042e-10,2.5016668832865945e-11,0.5223203534527437,1.1177646486364338e-10,9.095756399266493e-11,6.737686982327774e-11,1.900687727889117e-10,1.6027857948176889e-10,1.8961118822978038e-10,8.714372456871763e-11,1.6464992912229365e-11,3.5460897234170567e-11,0.24628640144009428,,3.91507669764652e-11,,1.4289623645282288e-11,2.5107952445350114e-11,,2.5749826060799127e-11,,,4.3830358886361255e-11,5.553965202830143e-10,,1.7239368466556277e-10,,3.773085408390043e-10,,,,6.01729529135465e-11,,,,,,,,,,,,,,,,,,,,,,,,,,,,,,,,
ERR260204,0.02392128538452592,0.013953426731605033,0.529583228529799,0.017583533145267886,0.00880472712811287,0.010704387935529226,0.004803394495704822,0.003511712124129092,0.005592371246378696,0.016969332038491585,0.007565451704957952,0.011695716014246483,0.24628640733862808,,0.12507041065796073,,0.00796645590028629,0.002284303637518099,0.01705785502214376,0.007331464190883687,0.0025306888552750306,0.004092290798083509,0.004984210501866315,1.3641154010939161e-08,,0.002519709364426922,,0.024047654582052866,,,,,,,,,,,,,,,,,0.0034959701817958095,,,,,,,,,,,0.0025533183617946578,,,,,0.001959780976626777,,,
ERR275251,0.08105666406349794,0.058642516493419214,0.21631602903387612,0.0890765886041549,0.3167135181793076,0.5094759880678053,0.15828554586705046,,0.01757050439008747,0.055270041270544565,0.07855419135288552,0.08232763420276765,0.24628640128398518,,0.14134881056603482,,0.023810956336960568,0.013138696719383168,,0.087209028970099,,0.012118259847428422,0.043979456396126666,0.2606375376959817,,0.007135665657805326,,0.0234528882418787,,,,,,,,,,,0.016726330124803162,,,,,,,,,,,0.004149814742953778,,,,,,,,,,,,,,
ERR260203,0.023475191276703108,0.012329269272677041,0.3261239424858018,0.046767266040486526,0.28646470661811246,0.15585495450336412,0.0978505537073241,,0.006261548187827946,0.03031580224210678,0.05308962272893643,0.18717202400896488,0.2462864012848497,,0.038870452856167526,,0.007964186241061249,,0.02147708010525885,0.024871368301157434,,0.05540656485380454,,0.16929639745605116,,0.007322928337850881,,0.025716468277934137,,,,0.010276982332000124,0.034252807240544615,,0.011840037235079818,,,,,,,,,0.019367162366848403,,,,,,,,0.4759211954830253,,,0.026220902440683574,,,,,,,,,
